,nickname,name.compound,name.smiles
1,None,"7,9-dibromo-2,2-diphenyl-2H-2l4,3l4-[1,3,2]oxazaborolo[5,4,3-ij]quinoline",BrC1=C2O[B-](C3=CC=CC=C3)(C4=CC=CC=C4)[N+]5=C2C(C(Br)=C1)=CC=C5
2,None,"9'-chloro-7'-iodo-3'l4,5l4-spiro[dibenzo[b,d]borole-5,2'-[1,3,2]oxazaborolo[5,4,3-ij]quinoline]",IC1=CC(Cl)=C(O2)C3=[N+]([B-]42C5=CC=CC=C5C6=CC=CC=C64)C=CC=C13
3,None,"9-chloro-7-iodo-2,2-diphenyl-2H-2l4,3l4-[1,3,2]oxazaborolo[5,4,3-ij]quinoline",IC1=CC(Cl)=C2O[B-](C3=CC=CC=C3)(C4=CC=CC=C4)[N+]5=C2C1=CC=C5
4,None,"7',9'-diiodo-3'l4,5l4-spiro[dibenzo[b,d]borole-5,2'-[1,3,2]oxazaborolo[5,4,3-ij]quinoline]",IC1=C(O2)C3=[N+]([B-]42C5=CC=CC=C5C6=CC=CC=C64)C=CC=C3C(I)=C1
5,None,"7,9-diiodo-2,2-diphenyl-2H-2l4,3l4-[1,3,2]oxazaborolo[5,4,3-ij]quinoline",IC1=C2O[B-](C3=CC=CC=C3)(C4=CC=CC=C4)[N+]5=C2C(C(I)=C1)=CC=C5
6,None,"2'-(trifluoromethyl)spiro[quinolino[3,2,1-kl]phenoxazine-9,9'-thioxanthene] 10',10'-dioxide",O=S1(C2=CC=CC=C2C3(C(C=CC=C4OC5=C6C=CC=C5)=C4N6C7=C3C=CC=C7)C8=C1C=CC(C(F)(F)F)=C8)=O
7,None,"2'-(2-(trifluoromethyl)pyridin-4-yl)spiro[quinolino[3,2,1-kl]phenoxazine-9,9'-thioxanthene] 10',10'-dioxide",O=S1(C2=CC=CC=C2C3(C(C=CC=C4OC5=C6C=CC=C5)=C4N6C7=C3C=CC=C7)C8=C1C=CC(C9=CC(C(F)(F)F)=NC=C9)=C8)=O
8,None,"spiro[quinolino[3,2,1-kl]phenoxazine-9,9'-thioxanthene]-2'-carbonitrile 10',10'-dioxide",O=S1(C2=CC=CC=C2C3(C(C=CC=C4OC5=C6C=CC=C5)=C4N6C7=C3C=CC=C7)C8=C1C=CC(C#N)=C8)=O
9,None,"4-(10',10'-dioxidospiro[quinolino[3,2,1-kl]phenoxazine-9,9'-thioxanthen]-2'-yl)benzonitrile",O=S1(C2=CC=CC=C2C3(C(C=CC=C4OC5=C6C=CC=C5)=C4N6C7=C3C=CC=C7)C8=C1C=CC(C9=CC=C(C#N)C=C9)=C8)=O
10,None,"7-(5,9-Dioxa-13b-boranaphtho[3,2,1-de]anthracen-7-yl)benzo[5,6][1,4]oxazino[2,3,4-kl] phenoxazine",C12=CC=CC=C1OC3=CC(C4=CC(OC(C=CC=C5)=C5B6C(C=CC=C7)=C7O8)=C6C8=C4)=CC9=C3N2C(C=CC=C%10)=C%10O9
11,"3,6-DPCz-AD","3,6-bis(3,6-bis(diphenylamino)-9H-carbazol-9-yl)-10-phenylacridin-9(10H)-one",O=C1C2=C(C=C(N3C4=C(C=C(N(C5=CC=CC=C5)C6=CC=CC=C6)C=C4)C7=CC(N(C8=CC=CC=C8)C9=CC=CC=C9)=CC=C73)C=C2)N(C%10=CC=CC=C%10)C%11=C1C=CC(N%12C%13=C(C=C(N(C%14=CC=CC=C%14)C%15=CC=CC=C%15)C=C%13)C%16=CC(N(C%17=CC=CC=C%17)C%18=CC=CC=C%18)=CC=C%16%12)=C%11
12,TDBA-Ac,"10-(2,12-di-tert-butyl-5,9-dioxa-13b-boranaphtho[3,2,1-de]anthracen-7-yl)-9,9-dimethyl-9,10-dihydroacridine",CC(C)C1=CC2=C(C=C1)OC3=CC(N4C(C=CC=C5)=C5C(C)(C)C6=C4C=CC=C6)=CC7=C3B2C(C=C(C(C)C)C=C8)=C8O7
13,TDBA-PFAc,"10-(2,12-di-tert-butyl-5,9-dioxa-13b-boranaphtho[3,2,1-de]anthracen-7-yl)-9,9-dimethyl-2-(9-phenyl-9H-fluoren-9-yl)-9,10-dihydroacridine",CC(C)(C)C1=CC2=C(C=C1)OC3=CC(N4C(C=CC(C5(C6=CC=CC=C6)C(C=CC=C7)=C7C8=C5C=CC=C8)=C9)=C9C(C)(C)C%10=C4C=CC=C%10)=CC%11=C3B2C(C=C(C(C)(C)C)C=C%12)=C%12O%11
14,TDBA-2PFAc,"10-(2,12-di-tert-butyl-5,9-dioxa-13b-boranaphtho[3,2,1-de]anthracen-7-yl)-9,9-dimethyl-2,7-bis(9-phenyl-9H-fluoren-9-yl)-9,10-dihydroacridine",CC(C)(C)C1=CC2=C(C=C1)OC3=CC(N4C(C=CC(C5(C6=CC=CC=C6)C(C=CC=C7)=C7C8=C5C=CC=C8)=C9)=C9C(C)(C)C%10=C4C=CC(C%11(C%12=CC=CC=C%12)C(C=CC=C%13)=C%13C%14=C%11C=CC=C%14)=C%10)=CC%15=C3B2C(C=C(C(C)(C)C)C=C%16)=C%16O%15
15,(R)-BIPNX-BN,"N16,N16,N16',N16',18,18'-hexaphenyl-18H,18'H-[9,9'-bi(8,8'-dioxa-14b,14'b,18,18'-tetraaza-4b,4'b-diboratribenzo[c,fg,uv]pentaphene)]-16,16'-diamine",C12=CC(N(C3=CC=CC=C3)C4=CC=CC=C4)=CC5=C1B(C6=C7N5C8=C(C(C9=C%10C=CC=CC%10=CC%11=C9OC%12=CC=CC%13=C%12N%11C(C=C%14N(C%15=CC=CC=C%15)C%16=CC=CC=C%16)=C%17B%13C%18=C(N(C%17=C%14)C%19=CC=CC=C%19)C=CC=C%18)=C(C=CC=C%20)C%20=C8)OC7=CC=C6)C%21=C(C=CC=C%21)N2C%22=CC=CC=C%22
16,(R)-8H-BIPNX-BN,"N16,N16,N16',N16',18,18'-hexaphenyl-10,10',11,11',12,12',13,13'-octahydro-18H,18'H-[9,9'-bi(8,8'-dioxa-14b,14'b,18,18'-tetraaza-4b,4'b-diboratribenzo[c,fg,uv]pentaphene)]-16,16'-diamine",C12=CC(N(C3=CC=CC=C3)C4=CC=CC=C4)=CC5=C1B(C6=C7N5C8=C(C(C9=C%10CCCCC%10=CC%11=C9OC%12=CC=CC%13=C%12N%11C(C=C%14N(C%15=CC=CC=C%15)C%16=CC=CC=C%16)=C%17B%13C%18=C(N(C%17=C%14)C%19=CC=CC=C%19)C=CC=C%18)=C(CCCC%20)C%20=C8)OC7=CC=C6)C%21=C(C=CC=C%21)N2C%22=CC=CC=C%22
17,(R)-8H-BIPTZ-BN,"N16,N16,N16',N16',18,18'-hexaphenyl-10,10',11,11',12,12',13,13'-octahydro-18H,18'H-[9,9'-bi(8,8'-dithia-14b,14'b,18,18'-tetraaza-4b,4'b-diboratribenzo[c,fg,uv]pentaphene)]-16,16'-diamine",C12=CC(N(C3=CC=CC=C3)C4=CC=CC=C4)=CC5=C1B(C6=C7N5C8=C(C(C9=C%10CCCCC%10=CC%11=C9SC%12=CC=CC%13=C%12N%11C(C=C%14N(C%15=CC=CC=C%15)C%16=CC=CC=C%16)=C%17B%13C%18=C(N(C%17=C%14)C%19=CC=CC=C%19)C=CC=C%18)=C(CCCC%20)C%20=C8)SC7=CC=C6)C%21=C(C=CC=C%21)N2C%22=CC=CC=C%22
18,R-Ax-CN,"(5'r)-5',6''-di(9H-carbazol-9-yl)-[1,1':4',1'':4'',1'''-quaterphenyl]-2'',3',4,4'''-tetracarbonitrile",N#CC1=C(C2=C(C#N)C=C(C3=CC=C(C#N)C=C3)C=[C@@]2[N@@]4C5=C(C=CC=C5)C6=CC=CC=C64)[C@@]([N@@]7C8=C(C=CC=C8)C9=CC=CC=C97)=CC(C%10=CC=C(C#N)C=C%10)=C1
19,R-Ax-H,"(5'r)-5',6''-di(9H-carbazol-9-yl)-[1,1':4',1'':4'',1'''-quaterphenyl]-2'',3'-dicarbonitrile",[H]C(C=C1)=CC=C1C2=CC(C#N)=C(C3=C(C#N)C=C(C4=CC=C([H])C=C4)C=[C@@]3[N@@]5C6=C(C=CC=C6)C7=CC=CC=C75)[C@@]([N@@]8C9=C(C=CC=C9)C%10=CC=CC=C%108)=C2
20,R-Ax-OCH3,"(5'r)-5',6''-di(9H-carbazol-9-yl)-4,4'''-dimethoxy-[1,1':4',1'':4'',1'''-quaterphenyl]-2'',3'-dicarbonitrile",N#CC1=C(C2=C(C#N)C=C(C3=CC=C(OC)C=C3)C=[C@@]2[N@@]4C5=C(C=CC=C5)C6=CC=CC=C64)[C@@]([N@@]7C8=C(C=CC=C8)C9=CC=CC=C97)=CC(C%10=CC=C(OC)C=C%10)=C1
21,oPyBN,"2,7,12-tri-tert-butyl-5,9-di(pyridin-2-yl)-5,9-dihydro-5,9-diaza-13b-boranaphtho[3,2,1-de]anthracene",CC(C)(C)C1=CC(N(C2=CC=CC=N2)C3=C4C=C(C(C)(C)C)C=C3)=C(B4C(C=C(C(C)(C)C)C=C5)=C5N6C7=NC=CC=C7)C6=C1
22,mPyBN,"2,7,12-tri-tert-butyl-5,9-di(pyridin-3-yl)-5,9-dihydro-5,9-diaza-13b-boranaphtho[3,2,1-de]anthracene",CC(C)(C)C(C=C1)=CC2=C1N(C3=CN=CC=C3)C4=CC(C(C)(C)C)=CC5=C4B2C6=C(C=CC(C(C)(C)C)=C6)N5C7=CC=CN=C7
23,PymBN,"2,7,12-tri-tert-butyl-5,9-di(pyrimidin-2-yl)-5,9-dihydro-5,9-diaza-13b-boranaphtho[3,2,1-de]anthracene",CC(C)(C)C(C=C1)=CC2=C1N(C3=NC=CC=N3)C4=CC(C(C)(C)C)=CC5=C4B2C6=C(C=CC(C(C)(C)C)=C6)N5C7=NC=CC=N7
24,PhTzBN,"2,2'-(2,7,12-tri-tert-butyl-5,9-diaza-13b-boranaphtho[3,2,1-de]anthracene-5,9-diyl)bis(benzo[d]thiazole)",CC(C)(C)C(C=C1)=CC2=C1N(C3=NC(C=CC=C4)=C4S3)C5=CC(C(C)(C)C)=CC6=C5B2C7=C(C=CC(C(C)(C)C)=C7)N6C8=NC(C=C)=C(C)S8
25,Me-PABDPA,"N7,5,9-tris(2,6-dimethylphenyl)-N7-(4-(diphenylamino)phenyl)-N2,N2,N12,N12-tetraphenyl-9,13b-dihydro-5H-naphtho[3,2,1-de]anthracene-2,7,12-triamine",CC1=CC=CC(C)=C1C2C3=C(C=C(N(C4=CC=CC=C4)C5=CC=CC=C5)C=C3)C6C7=C(C=CC(N(C8=CC=CC=C8)C9=CC=CC=C9)=C7)C(C%10=C(C)C=CC=C%10C)C%11=C6C2=CC(N(C%12=CC=C(N(C%13=CC=CC=C%13)C%14=CC=CC=C%14)C=C%12)C%15=C(C)C=CC=C%15C)=C%11
26,Me-PABCZ,"N-(4-(9H-carbazol-9-yl)phenyl)-2,12-di(9H-carbazol-9-yl)-N,5,9-tris(2,6-dimethylphenyl)-9,13b-dihydro-5H-naphtho[3,2,1-de]anthracen-7-amine",CC1=CC=CC(C)=C1C2C3=C(C=C(N4C5=C(C=CC=C5)C6=CC=CC=C64)C=C3)C7C8=C(C=CC(N9C%10=C(C=CC=C%10)C%11=CC=CC=C%119)=C8)C(C%12=C(C)C=CC=C%12C)C%13=C7C2=CC(N(C%14=CC=C(N%15C%16=C(C=CC=C%16)C%17=CC=CC=C%17%15)C=C%14)C%18=C(C)C=CC=C%18C)=C%13
27,BO-Cz-Si-2,"9-(10-(3-(triphenylsilyl)phenyl)-5,9-dioxa-13b-boranaphtho[3,2,1-de]anthracen-11-yl)-9H-carbazole",C1([Si](C2=CC=CC=C2)(C3=CC=CC=C3)C4=CC=CC(C5=C(N6C(C=CC=C7)=C7C8=C6C=CC=C8)C=CC9=C5OC%10=C%11Br9C(C=CC=C%12)=C%12OC%11=CC=C%10)=C4)=CC=CC=C1
28,BO-Cz-Si-1,"9-(12-(3-(triphenylsilyl)phenyl)-5, 9-dioxa-13b-boranaphtho[3,2,1-de]anthracen-11-yl)-9H-carbazole",C1([Si](C2=CC(C3=CC(Br(C(C=CC=C4)=C4OC5=CC=C6)C5=C6O7)=C7C=C3N8C(C=CC=C9)=C9C%10=C8C=CC=C%10)=CC=C2)(C%11=CC=CC=C%11)C%12=CC=CC=C%12)=CC=CC=C1
29,mDBNS,"11,13-dithia-3a2-aza-6b,17b-diboraindeno[4',3',2',1':3,4,5]phenanthro[2,1,10,9-fghi]pentacene",C12=CC=CC=C1SC3=C4B2C5=CC=CC(C6=C7C8=CC=C6)=C5N7C4=C(B8C(C=CC=C9)=C9S%10)C%10=C3
30,mDBNStBu,"2,5-di-tert-butyl-11,13-dithia-3a2-aza-6b,17b-diboraindeno[4',3',2',1':3,4,5]phenanthro[2,1,10,9-fghi]pentacene",CC(C)(C)C1=CC(C2=C3C4=CC(C(C)(C)C)=C2)=C(C5=C1)N3C6=C(B4C(C=CC=C7)=C7S8)C8=CC9=C6B5C%10=CC=CC=C%10S9
31,DM282,"9-((3-((3-iodo-9H-carbazol-9-yl)methyl)oxetan-3-yl)methyl)-9H-3,9':3',9''-tercarbazole",IC(C=C1)=CC2=C1N(C3=C2C=CC=C3)CC4(COC4)CN(C5=C6C=CC=C5)C7=C6C=C(N8C9=C(C=CC=C9)C%10=C8C=CC(N%11C%12=C(C=CC=C%12)C%13=C%11C=CC=C%13)=C%10)C=C7
32,NKP,(4-(10H-phenoxazin-10-yl)phenyl)(4-(naphthalen-2-yloxy)phenyl)methanone,O=C(C1=CC=C(N2C(C=CC=C3)=C3OC4=C2C=CC=C4)C=C1)C(C=C5)=CC=C5OC6=CC7=CC=CC=C7C=C6
33,R-DNKP,(4-(2-(2-(4-(4-(10H-phenoxazin-10-yl)benzoyl)phenoxy)naphthalen-1-yl)phenoxy)phenyl)(4-(10H-phenoxazin-10-yl)phenyl)methanone,O=C(C1=CC=C(OC2=CC=C(C=CC=C3)C3=C2C4=CC=CC=C4OC5=CC=C(C(C6=CC=C(N7C(C=CC=C8)=C8OC9=C7C=CC=C9)C=C6)=O)C=C5)C=C1)C(C=C%10)=CC=C%10N%11C%12=C(C=CC=C%12)OC%13=C%11C=CC=C%13
34,(R)-FAC-SIC,"(R)-N-(5-oxido-2-(spiro[fluorene-9,4'-piperidin]-1'-yl)-5l4-dibenzo[b,d]thiophen-5-ylidene)benzamide",O=[S@]1(C(C=C2)=C(C3=C1C=CC=C3)C=C2N(CC4)CCC54C6=C(C=CC=C6)C7=C5C=CC=C7)=NC(C8=CC=CC=C8)=O
35,None,"10-(3,6-di-tert-butyl-9-(4-(4,6-diphenyl-1,3,5-triazin-2-yl)phenyl)-9H-carbazol-1-yl)indolo[3,2,1-kl]phenoxazine",CC(C)(C)C1=CC2=C(C=C1)N(C3=CC=C(C4=NC(C5=CC=CC=C5)=NC(C6=CC=CC=C6)=N4)C=C3)C7=C2C=C(C(C)(C)C)C=C7C8=CC=C(N9C(C=CC=C%10)=C%10OC%11=C9C%12=CC=C%11)C%12=C8
36,None,"10-(3,6-di-tert-butyl-1-(4-(4,6-diphenyl-1,3,5-triazin-2-yl)phenyl)-9H-carbazol-9-yl)indolo[3,2,1-kl]phenoxazine",CC(C)(C)C1=CC2=C(C=C1)N(C3=CC=C(N4C(C=CC=C5)=C5OC6=C4C7=CC=C6)C7=C3)C8=C2C=C(C(C)(C)C)C=C8C9=CC=C(C%10=NC(C%11=CC=CC=C%11)=NC(C%12=CC=CC=C%12)=N%10)C=C9
37,None,"10-(1-(13bl3-oxa-5l2,9l2-diboranaphtho[3,2,1-kl]anthracen-7-yl)-3,6-di-tert-butyl-9H-carbazol-9-yl)indolo[3,2,1-kl]phenoxazine",CC(C)(C)C1=CC2=C(C=C1)N(C3=CC=C(N4C(C=CC=C5)=C5OC6=C4C7=CC=C6)C7=C3)C8=C2C=C(C(C)(C)C)C=C8C9=CC([B]C(C=CC=C%10)=C%10O%11C(C=CC=C%12)=C%12[B]%13)=C%11C%13=C9
38,BNCz-aDMAC,None,CC(C)(C)C1=CC2=C3N(C4=CC(N5C6=CC=CC=C6C7([C@@H]8CC9CC(C8)C[C@H]7C9)C%10=C5C=CC=C%10)=CC(N%11C%12=CC=C(C(C)(C)C)C=C%12C%13=CC(C(C)(C)C)=CC%14=C%11%13)=C4B%14C3=C1)C%15=C2C=C(C(C)(C)C)C=C%15
39,BNCz-PaDMAC,None,CC(C)(C)C1=CC2=C3N(C4=CC(N5C6=CC=CC=C6C7([C@H]8CC9CC(C8)CC7C9)C%10=C5C=CC=C%10)=CC(N%11C%12=CC=C(C(C)(C)C)C=C%12C%13=CC(C(C)(C)C)=CC%14=C%11%13)=C4B%14C3=C1)C%15=C2C=C(C(C)(C)C)C=C%15
40,TrzSpiroAc-tmCP,"9,9',9'',9'''-((10-(4-(4,6-diphenyl-1,3,5-triazin-2-yl)phenyl)-2,7-dimethyl-10H-spiro[anthracene-9,9'-fluorene]-2',7'-diyl)bis(benzenene-5,1,3-triyl))tetrakis(3,6-di-tert-butyl-9H-carbazole)",CC(C=C1)=CC2=C1C(C(C=CC(C)=C3)=C3C24C(C=C(C5=CC(N6C(C=CC(C(C)(C)C)=C7)=C7C8=C6C=CC(C(C)(C)C)=C8)=CC(N9C(C=CC(C(C)(C)C)=C%10)=C%10C%11=C9C=CC(C(C)(C)C)=C%11)=C5)C=C%12)=C%12C%13=C4C=C(C%14=CC(N%15C(C=CC(C(C)(C)C)=C%16)=C%16C%17=C%15C=CC(C(C)(C)C)=C%17)=CC(N%18C(C=CC(C(C)(C)C)=C%19)=C%19C%20=C%18C=CC(C(C)(C)C)=C%20)=C%14)C=C%13)C(C=C%21)=CC=C%21C%22=NC(C%23=CC=CC=C%23)=NC(C%24=CC=CC=C%24)=N%22
41,TrzSpiroAc-tmCPCN,"9,9'-((10-(4-(4,6-diphenyl-1,3,5-triazin-2-yl)phenyl)-2,7-dimethyl-10H-spiro[anthracene-9,9'-fluorene]-2',7'-diyl)bis(5-(3,6-di-tert-butyl-9H-carbazol-9-yl)-3,1-phenylene))bis(9H-carbazole-3-carbonitrile)",CC(C=C1)=CC2=C1C(C(C=CC(C)=C3)=C3C24C(C=C(C5=CC(N6C(C=CC=C7)=C7C8=C6C=CC(C#N)=C8)=CC(N9C(C=CC(C(C)(C)C)=C%10)=C%10C%11=C9C=CC(C(C)(C)C)=C%11)=C5)C=C%12)=C%12C%13=C4C=C(C%14=CC(N%15C(C=CC(C(C)(C)C)=C%16)=C%16C%17=C%15C=CC(C(C)(C)C)=C%17)=CC(N%18C(C=CC(C#N)=C%19)=C%19C%20=C%18C=CC=C%20)=C%14)C=C%13)C(C=C%21)=CC=C%21C%22=NC(C%23=CC=CC=C%23)=NC(C%24=CC=CC=C%24)=N%22
42,4OCzCN,"2,3,5,6-tetrakis(4-methoxy-9H-carbazol-9-yl)benzonitrile",COC1=CC=CC2=C1C(C=CC=C3)=C3N2C4=C(C#N)C(N5C(C=CC=C6)=C6C7=C5C=CC=C7OC)=C(N8C(C=CC=C9OC)=C9C%10=C8C=CC=C%10)C=C4N%11C(C=CC=C%12)=C%12C%13=C%11C=CC=C%13OC
43,Cz-4CzCN,"2,3,5,6-tetrakis(4-((6-(9H-carbazol-9-yl)hexyl)oxy)-9H-carbazol-9-yl)benzonitrile",N#CC1=C(N2C(C=CC=C3OCCCCCCN4C(C=CC=C5)=C5C6=C4C=CC=C6)=C3C7=C2C=CC=C7)C(N8C(C=CC=C9)=C9C%10=C8C=CC=C%10OCCCCCCN%11C(C=CC=C%12)=C%12C%13=C%11C=CC=C%13)=CC(N%14C(C=CC=C%15OCCCCCCN%16C(C=CC=C%17)=C%17C%18=C%16C=CC=C%18)=C%15C%19=C%14C=CC=C%19)=C1N%20C(C=CC=C%21)=C%21C%22=C%20C=CC=C%22OCCCCCCN%23C(C=CC=C%24)=C%24C%25=C%23C=CC=C%25
44,mCP-4CzCN,"2,3,5,6-tetrakis(4-((6-((9-(3-(9H-carbazol-9-yl)phenyl)-9H-carbazol-4-yl)oxy)hexyl)oxy)-9H-carbazol-9-yl)benzonitrile",N#CC1=C(N2C(C=CC=C3OCCCCCCOC4=CC=CC5=C4C6=C(C=CC=C6)N5C7=CC(N8C(C=CC=C9)=C9C%10=C8C=CC=C%10)=CC=C7)=C3C%11=C2C=CC=C%11)C(N%12C(C=CC=C%13)=C%13C%14=C%12C=CC=C%14OCCCCCCOC%15=CC=CC%16=C%15C%17=C(C=CC=C%17)N%16C%18=CC(N%19C(C=CC=C%20)=C%20C%21=C%19C=CC=C%21)=CC=C%18)=CC(N%22C(C=CC=C%23OCCCCCCOC%24=CC=CC%25=C%24C%26=C(C=CC=C%26)N%25C%27=CC(N%28C(C=CC=C%29)=C%29C%30=C%28C=CC=C%30)=CC=C%27)=C%23C%31=C%22C=CC=C%31)=C1N%32C(C=CC=C%33)=C%33C%34=C%32C=CC=C%34OCCCCCCOC%35=CC=CC%36=C%35C%37=C(C=CC=C%37)N%36C%38=CC(N%39C(C=CC=C%40)=C%40C%41=C%39C=CC=C%41)=CC=C%38
45,TCz-4CzCN,"2,3,5,6-tetrakis(4-((6-(4-(9'H-[9,3':6',9''-tercarbazol]-9'-yl)phenoxy)hexyl)oxy)-9H-carbazol-9-yl)benzonitrile",N#CC1=C(N2C(C=CC=C3OCCCCCCOC4=CC=C(N5C(C=CC(N6C(C=CC=C7)=C7C8=C6C=CC=C8)=C9)=C9C%10=C5C=CC(N%11C(C=CC=C%12)=C%12C%13=C%11C=CC=C%13)=C%10)C=C4)=C3C%14=C2C=CC=C%14)C(N%15C(C=CC=C%16)=C%16C%17=C%15C=CC=C%17OCCCCCCOC%18=CC=C(N%19C(C=CC(N%20C(C=CC=C%21)=C%21C%22=C%20C=CC=C%22)=C%23)=C%23C%24=C%19C=CC(N%25C(C=CC=C%26)=C%26C%27=C%25C=CC=C%27)=C%24)C=C%18)=CC(N%28C(C=CC=C%29OCCCCCCOC%30=CC=C(N%31C(C=CC(N%32C(C=CC=C%33)=C%33C%34=C%32C=CC=C%34)=C%35)=C%35C%36=C%31C=CC(N%37C(C=CC=C%38)=C%38C%39=C%37C=CC=C%39)=C%36)C=C%30)=C%29C%40=C%28C=CC=C%40)=C1N%41C(C=CC=C%42)=C%42C%43=C%41C=CC=C%43OCCCCCCOC%44=CC=C(N%45C(C=CC(N%46C(C=CC=C%47)=C%47C%48=C%46C=CC=C%48)=C%49)=C%49C%50=C%45C=CC(N%51C(C=CC=C%52)=C%52C%53=C%51C=CC=C%53)=C%50)C=C%44
46,BTP-S(2O-1B),"tris(2,6-dimethyl-4-(10H-phenothiazin-10-yl)phenyl)borane",CC1=CC(N2C(C=CC=C3)=C3SC4=C2C=CC=C4)=CC(C)=C1B(C5=C(C)C=C(N6C(C=CC=C7)=C7SC8=C6C=CC=C8)C=C5C)C9=C(C)C=C(N%10C(C=CC=C%11)=C%11SC%12=C%10C=CC=C%12)C=C9C
47,BTP-Se,"tris(2,6-dimethyl-4-(10H-phenoselenazin-10-yl)phenyl)borane",CC1=CC(N2C(C=CC=C3)=C3[Se]C4=C2C=CC=C4)=CC(C)=C1B(C5=C(C)C=C(N6C(C=CC=C7)=C7[Se]C8=C6C=CC=C8)C=C5C)C9=C(C)C=C(N%10C(C=CC=C%11)=C%11[Se]C%12=C%10C=CC=C%12)C=C9C
48,BTP-S,"tris(2,6-dimethyl-4-(10H-phenothiazin-10-yl)phenyl)borane",CC1=CC(N2C(C=CC=C3)=C3SC4=C2C=CC=C4)=CC(C)=C1B(C5=C(C)C=C(N6C(C=CC=C7)=C7SC8=C6C=CC=C8)C=C5C)C9=C(C)C=C(N%10C(C=CC=C%11)=C%11SC%12=C%10C=CC=C%12)C=C9C
49,QCN-2TPA,"2-(4,4?-bis(diphenylamino)-[1,1’:3?,1?-terphenyl]-4?-yl) quinoxaline-6,7-dicarbonitrile",N#CC1=CC(N=C2)=C(C=C1C#N)N=C2C3=CC=C(C4=CC=C(N(C5=CC=CC=C5)C6=CC=CC=C6)C=C4)C=C3C(C=C7)=CC=C7N(C8=CC=CC=C8)C9=CC=CC=C9
50,QCN-TPA,"2-(4'-(diphenylamino)-[1,1'-biphenyl]-4-yl)quinoxaline-6,7-dicarbonitrile",N#CC1=CC(N=C2)=C(C=C1C#N)N=C2C3=CC=C(C4=CC=C(N(C5=CC=CC=C5)C6=CC=CC=C6)C=C4)C=C3
51,QCN-o-TPA,"2-(4'-(diphenylamino)-[1,1'-biphenyl]-2-yl)quinoxaline-6,7-dicarbonitrile",N#CC1=CC(N=C2)=C(C=C1C#N)N=C2C3=CC=CC=C3C(C=C4)=CC=C4N(C5=CC=CC=C5)C6=CC=CC=C6
52,PQLM-DMAC,"(4-(9,9-dimethylacridin-10(9H)-yl)phenyl)(naphthalen-2-yl)methanone",O=C(C1=CC=C(N2C(C=CC=C3)=C3C(C)(C)C4=C2C=CC=C4)C=C1)C5=CC6=CC=CC=C6C=C5
53,None,"2,11-di-tert-butyl-4-methyl-5-oxa-8b-aza-15b-borabenzo[a]naphtho[1,2,3-hi]aceanthrylene",CC1=C2OC3=C4C(N(C5=C6C=CC=C5B4C2=CC(C(C)(C)C)=C1)C7=C6C=C(C(C)(C)C)C=C7)=CC=C3
54,DPQxPz,"5,10-bis(4-(2,3-diphenylquinoxalin-6-yl)phenyl)-5,10-dihydrophenazine",C1(C2=C(C3=CC=CC=C3)N=C(C=C(C4=CC=C(N5C(C=CC=C6)=C6N(C7=CC=C(C8=CC=C(N=C(C9=CC=CC=C9)C(C%10=CC=CC=C%10)=N%11)C%11=C8)C=C7)C%12=C5C=CC=C%12)C=C4)C=C%13)C%13=N2)=CC=CC=C1
55,DMQxPz,"5,10-bis(4-(2,3-dimethylquinoxalin-6-yl)phenyl)-5,10-dihydrophenazine",CC1=C(C)N=C(C=C(C2=CC=C(N3C(C=CC=C4)=C4N(C5=CC=C(C6=CC=C(N=C(C)C(C)=N7)C7=C6)C=C5)C8=C3C=CC=C8)C=C2)C=C9)C9=N1
56,QxPz,"5,10-bis(4-(quinoxalin-6-yl)phenyl)-5,10-dihydrophenazine",C12=NC=CN=C1C=CC(C3=CC=C(N4C(C=CC=C5)=C5N(C6=CC=C(C7=CC=C(N=CC=N8)C8=C7)C=C6)C9=C4C=CC=C9)C=C3)=C2
57,BNCz-SAF,None,CC(C1=CCC2N(C3=C4C=C(C(C)(C)C)C=C3C2=C1)C5=CC(N6C7=CC=CC=C7C8(C9=CC=CC=C9C%10=C8C=CC=C%10)C%11=C6C=CC=C%11)=CC%12=C5B4C(C=C(C(C)(C)C)C=C%13%14)=C%13N%12C%15=C%14C=C(C(C)(C)C)C=C%15)(C)C
58,BNCz-DMAC,None,CC1(C)C2=CC=CC=C2N(C3=C1C=CC=C3)C4=CC5=C(C(N6C7=C8C=C(C(C)(C)C)C=C7C9=CC(C(C)(C)C)=CCC69)=C4)B8C(C=C(C(C)(C)C)C=C%10%11)=C%10N5C%12=C%11C=C(C(C)(C)C)C=C%12
59,BNCz-PXZ,None,CC(C1=CCC2N(C3=C4C=C(C(C)(C)C)C=C3C2=C1)C5=CC(N6C7=CC=CC=C7OC8=C6C=CC=C8)=CC9=C5B4C(C=C(C(C)(C)C)C=C%10%11)=C%10N9C%12=C%11C=C(C(C)(C)C)C=C%12)(C)C
60,BCzBN-BO,None,CC(C)C1=CC(B2C3=C4C5=C(C(N6C7=C8C=C(C(C)(C)C)C=C7C9=CC(C(C)(C)C)=CCC69)=C3OC%10=CC=C(C(C)C)C=C2%10)B8C(C=C(C(C)(C)C)C=C%11%12)=C%11N5C%13=C%12C=C(C(C)(C)C)C=C%13)=C(O4)C=C1
61,FlCzBN-BO,None,CC(C)C1=CC(B2C3=C4C5=C(C(N6C7=C8C=C(C9(C%10=CC=C(C(C)(C)C)C=C%10)C(C=CC=C%11)=C%11C%12=C9C=CC=C%12)C=C7C%13=C6C=CC(C%14(C%15=CC=C(C(C)(C)C)C=C%15)C(C=CC=C%16)=C%16C%17=C%14C=CC=C%17)=C%13)=C3OC%18=CC=C(C(C)C)C=C2%18)B8C(C=C(C%19(C%20=CC=C(C(C)(C)C)C=C%20)C(C=CC=C%21)=C%21C%22=C%19C=CC=C%22)C=C%23%24)=C%23N5C%25=C%24C=C(C%26(C%27=CC=C(C(C)(C)C)C=C%27)C(C=CC=C%28)=C%28C%29=C%26C=CC=C%29)C=C%25)=C(O4)C=C1
62,P-TC,"9-(5'-(4-(9H-carbazol-9-yl)phenyl)-4''-(4-(hexyloxy)-9H-carbazol-9-yl)-[1,1':3',1''-terphenyl]-4-yl)-4-methoxy-9H-carbazole",COC1=CC=CC2=C1C3=C(C=CC=C3)N2C(C=C4)=CC=C4C5=CC(C6=CC=C(N7C(C=CC=C8)=C8C9=C7C=CC=C9)C=C6)=CC(C%10=CC=C(N%11C(C=CC=C%12)=C%12C%13=C%11C=CC=C%13OCCCCCC)C=C%10)=C5
63,P-TCFu,"9-(5'-(4-(9H-carbazol-9-yl)phenyl)-4''-(4-((6-(4-(9-(4-(pentyloxy)phenyl)-9H-fluoren-9-yl)phenoxy)hexyl)oxy)-9H-carbazol-9-yl)-[1,1':3',1''-terphenyl]-4-yl)-4-methoxy-9H-carbazole",COC1=CC=CC2=C1C3=C(C=CC=C3)N2C(C=C4)=CC=C4C5=CC(C6=CC=C(N7C(C=CC=C8)=C8C9=C7C=CC=C9)C=C6)=CC(C%10=CC=C(N%11C(C=CC=C%12)=C%12C%13=C%11C=CC=C%13OCCCCCCOC%14=CC=C(C%15(C%16=CC=C(OCCCCC)C=C%16)C(C=CC=C%17)=C%17C%18=C%15C=CC=C%18)C=C%14)C=C%10)=C5
64,P-CzTCFu,"4-((6-(9H-fluoren-9-yl)hexyl)oxy)-9-(4''-(4-methoxy-9H-carbazol-9-yl)-5'-(4-(4-((6-(4-(9-(4-(pentyloxy)phenyl)-9H-fluoren-9-yl)phenoxy)hexyl)oxy)-9H-carbazol-9-yl)phenyl)-[1,1':3',1''-terphenyl]-4-yl)-9H-carbazole",COC1=CC=CC2=C1C3=C(C=CC=C3)N2C(C=C4)=CC=C4C5=CC(C6=CC=C(N7C(C=CC=C8)=C8C9=C7C=CC=C9OCCCCCCC%10C(C=CC=C%11)=C%11C%12=C%10C=CC=C%12)C=C6)=CC(C%13=CC=C(N%14C(C=CC=C%15)=C%15C%16=C%14C=CC=C%16OCCCCCCOC%17=CC=C(C%18(C%19=CC=C(OCCCCC)C=C%19)C(C=CC=C%20)=C%20C%21=C%18C=CC=C%21)C=C%17)C=C%13)=C5
65,P-CzTC,"4-((6-(9H-fluoren-9-yl)hexyl)oxy)-9-(4''-(4-(hexyloxy)-9H-carbazol-9-yl)-5'-(4-(4-methoxy-9H-carbazol-9-yl)phenyl)-[1,1':3',1''-terphenyl]-4-yl)-9H-carbazole",COC1=CC=CC2=C1C3=C(C=CC=C3)N2C(C=C4)=CC=C4C5=CC(C6=CC=C(N7C(C=CC=C8)=C8C9=C7C=CC=C9OCCCCCCC%10C(C=CC=C%11)=C%11C%12=C%10C=CC=C%12)C=C6)=CC(C%13=CC=C(N%14C(C=CC=C%15)=C%15C%16=C%14C=CC=C%16OCCCCCC)C=C%13)=C5
66,AQ-TPA,"2,3-bis(4-(diphenylamino)phenyl)anthracene-9,10-dione",O=C1C2=C(C=C(C3=CC=C(N(C4=CC=CC=C4)C5=CC=CC=C5)C=C3)C(C6=CC=C(N(C7=CC=CC=C7)C8=CC=CC=C8)C=C6)=C2)C(C9=CC=CC=C91)=O
67,AQ-PTPA,"2,3-bis(4-(di([1,1'-biphenyl]-4-yl)amino)phenyl)anthracene-9,10-dione",O=C1C2=C(C=C(C3=CC=C(N(C4=CC=C(C5=CC=CC=C5)C=C4)C6=CC=C(C7=CC=CC=C7)C=C6)C=C3)C(C8=CC=C(N(C9=CC=C(C%10=CC=CC=C%10)C=C9)C%11=CC=C(C%12=CC=CC=C%12)C=C%11)C=C8)=C2)C(C%13=CC=CC=C%131)=O
68,AQ-PDMAC,"2,3-bis(4-(9,9-dimethylacridin-10(9H)-yl)phenyl)anthracene-9,10-dione",O=C1C2=C(C=C(C3=CC=C(N4C5=CC=CC=C5C(C)(C)C6=C4C=CC=C6)C=C3)C(C7=CC=C(N(C8=CC=CC=C8C9(C)C)C%10=C9C=CC=C%10)C=C7)=C2)C(C%11=CC=CC=C%111)=O
69,AQ-PSFAC,"2,3-bis(4-(10H-spiro[acridine-9,9'-fluoren]-10-yl)phenyl)anthracene-9,10-dione",O=C1C2=C(C=C(C3=CC=C(N4C5=CC=CC=C5C6(C(C=CC=C7)=C7C8=C6C=CC=C8)C9=C4C=CC=C9)C=C3)C(C%10=CC=C(N(C%11=CC=CC=C%11C%12%13C(C=CC=C%14)=C%14C%15=C%13C=CC=C%15)C%16=C%12C=CC=C%16)C=C%10)=C2)C(C%17=CC=CC=C%171)=O
70,QAO-0,"3,7,11-tris(4-methoxyphenyl)quinolino[3,2,1-de]acridine-5,9-dione",COC(C=C1)=CC=C1C2=CC(C3=O)=C4N(C(C=CC(C5=CC=C(OC)C=C5)=C6)=C6C(C4=C2)=O)C7=C3C=C(C8=CC=C(OC)C=C8)C=C7
71,2CzphQAO,"3,7,11-tris(4-((6-(4-((5-(9H-carbazol-9-yl)pentyl)oxy)-9H-carbazol-9-yl)hexyl)oxy)phenyl)quinolino[3,2,1-de]acridine-5,9-dione",O=C(C1=CC(C2=CC=C(OCCCCCCN3C(C=CC=C4)=C4C5=C3C=CC=C5OCCCCCN6C(C=CC=C7)=C7C8=C6C=CC=C8)C=C2)=C9)C%10=C(C=CC(C%11=CC=C(OCCCCCCN%12C(C=CC=C%13)=C%13C%14=C%12C=CC=C%14OCCCCCN%15C(C=CC=C%16)=C%16C%17=C%15C=CC=C%17)C=C%11)=C%10)N(C1=C9C%18=O)C%19=C%18C=C(C%20=CC=C(OCCCCCCN%21C(C=CC=C%22OCCCCCN%23C(C=CC=C%24)=C%24C%25=C%23C=CC=C%25)=C%22C%26=C%21C=CC=C%26)C=C%20)C=C%19
72,TPA-CN-N4-CH3,"12-(4-(bis(4-(tert-butyl)phenyl)amino)phenyl)-2,7-bis(2,6-dimethylphenyl)dipyrido[3,2-a:2',3'-c]phenazine-11-carbonitrile",CC1=CC=CC(C)=C1C(C=N2)=CC3=C2C(N=CC(C4=C(C)C=CC=C4C)=C5)=C5C6=NC(C=C7C#N)=C(N=C63)C=C7C(C=C8)=CC=C8N(C9=CC=C(C(C)(C)C)C=C9)C%10=CC=C(C(C)(C)C)C=C%10
73,BNCZ,None,CC(C1=CC(C2=C(N3C4=C5B6C7=C(C(C8=C9C=CC(C(C)(C)C)=C8)=CC(C(C)(C)C)=C7)N9C5=CC=C4)C6=CC(C(C)(C)C)=C2)=C3C=C1)(C)C
74,BNCz-OPh,None,CC(C1=CC(C2=C(N3C4=C5B6C7=C(C(C8=C9C=CC(C(C)(C)C)=C8)=CC(C(C)(C)C)=C7)N9C5=CC(OC%10=CC=CC=C%10)=C4)C6=CC(C(C)(C)C)=C2)=C3C=C1)(C)C
75,BNCZ-OTPA,None,CC(C1=CC(C2=C(N3C4=C5B6C7=C(C(C8=C9C=CC(C(C)(C)C)=C8)=CC(C(C)(C)C)=C7)N9C5=CC(OC%10=CC=C(N(C%11=CC=CC=C%11)C%12=CC=CC=C%12)C=C%10)=C4)C6=CC(C(C)(C)C)=C2)=C3C=C1)(C)C
76,TRZ-2MeO-TE,"2,4-dimethoxy-6-(thianthren-1-yl)-1,3,5-triazine",COC1=NC(OC)=NC(C2=CC=CC3=C2SC4=C(C=CC=C4)S3)=N1
77,TRZ-Cl-2TE,"2-chloro-4,6-di(thianthren-1-yl)-1,3,5-triazine",ClC1=NC(C2=CC=CC3=C2SC4=C(C=CC=C4)S3)=NC(C5=CC=CC6=C5SC7=C(C=CC=C7)S6)=N1
78,TRZ-2Cl-TE,"2,4-dichloro-6-(thianthren-1-yl)-1,3,5-triazine",ClC1=NC(Cl)=NC(C2=CC=CC3=C2SC4=C(C=CC=C4)S3)=N1
79,TRZ-Cz-TE,"9-(4-phenyl-6-(thianthren-1-yl)-1,3,5-triazin-2-yl)-9H-carbazole",C1(C2=NC(C3=CC=CC=C3)=NC(N4C(C=CC=C5)=C5C6=C4C=CC=C6)=N2)=CC=CC7=C1SC8=C(C=CC=C8)S7
80,TRZ-2Ph-TE,"2,4-diphenyl-6-(thianthren-1-yl)-1,3,5-triazine",C1(C2=NC(C3=CC=CC=C3)=NC(C4=CC=CC=C4)=N2)=CC=CC5=C1SC6=C(C=CC=C6)S5
81,TRZ-STFMe,"1'-(4-(4,6-diphenyl-1,3,5-triazin-2-yl)phenyl)-2'-methyl-10-phenyl-10H-spiro[acridine-9,9'-fluorene]",CC1=C(C2=CC=C(C3=NC(C4=CC=CC=C4)=NC(C5=CC=CC=C5)=N3)C=C2)C6=C(C=C1)C7=CC=CC=C7C68C(C=CC=C9)=C9N(C%10=CC=CC=C%10)C%11=C8C=CC=C%11
82,TRZ-STFPh,"1'-(4-(4,6-diphenyl-1,3,5-triazin-2-yl)phenyl)-2',10-diphenyl-10H-spiro[acridine-9,9'-fluorene]",C12=CC=CC=C1C3(C(C=CC=C4)=C4N(C5=CC=CC=C5)C6=C3C=CC=C6)C7=C2C=CC(C8=CC=CC=C8)=C7C9=CC=C(C%10=NC(C%11=CC=CC=C%11)=NC(C%12=CC=CC=C%12)=N%10)C=C9
83,SO-OZ,"4,6-bis(4-(10H-phenoxazin-10-yl)phenyl)dibenzo[b,d]thiophene 5,5-dioxide",O=S1(C2=C(C3=C1C(C4=CC=C(N5C(C=CC=C6)=C6OC7=C5C=CC=C7)C=C4)=CC=C3)C=CC=C2C8=CC=C(N9C(C=CC=C%10)=C%10OC%11=C9C=CC=C%11)C=C8)=O
84,SO-AD,"4,6-bis(4-(9,9-dimethylacridin-10(9H)-yl)phenyl)dibenzo[b,d]thiophene 5,5-dioxide",O=S1(C2=C(C3=C1C(C4=CC=C(N5C(C=CC=C6)=C6C(C)(C)C7=C5C=CC=C7)C=C4)=CC=C3)C=CC=C2C8=CC=C(N9C(C=CC=C%10)=C%10C(C)(C)C%11=C9C=CC=C%11)C=C8)=O
85,3Ph-4CzBN,"(2M,3P,5M,6P)-2,3,5,6-tetrakis(4-([1,1':3',1''-terphenyl]-5'-yl)-9H-carbazol-9-yl)benzonitrile",N#CC1=C(N2C(C=CC=C3C4=CC(C5=CC=CC=C5)=CC(C6=CC=CC=C6)=C4)=C3C7=C2C=CC=C7)[C@@](N8C(C=CC=C9)=C9C%10=C8C=CC=C%10C%11=CC(C%12=CC=CC=C%12)=CC(C%13=CC=CC=C%13)=C%11)=CC(N%14C(C=CC=C%15C%16=CC(C%17=CC=CC=C%17)=CC(C%18=CC=CC=C%18)=C%16)=C%15C%19=C%14C=CC=C%19)=[C@]1N%20C(C=CC=C%21)=C%21C%22=C%20C=CC=C%22C%23=CC(C%24=CC=CC=C%24)=CC(C%25=CC=CC=C%25)=C%23
86,4CzBN,"(2s,3r,5s,6s)-2,3,5,6-tetra(9H-carbazol-9-yl)benzonitrile",N#CC1=[C@@]([N@@]2C(C=CC=C3)=C3C4=C2C=CC=C4)[C@@]([N@@]5C(C=CC=C6)=C6C7=C5C=CC=C7)=C[C@]([N@]8C(C=CC=C9)=C9C%10=C8C=CC=C%10)=[C@]1[N@]%11C(C=CC=C%12)=C%12C%13=C%11C=CC=C%13
87,TCz-2mCNTrz,"3,3',3''-(1,3,5-triazine-2,4,6-triyl)tris(2-(9H-carbazol-9-yl)benzonitrile)",N#CC1=C(N2C(C=CC=C3)=C3C4=C2C=CC=C4)C(C5=NC(C6=CC=CC(C#N)=C6N7C(C=CC=C8)=C8C9=C7C=CC=C9)=NC(C%10=CC=CC(C#N)=C%10N%11C(C=CC=C%12)=C%12C%13=C%11C=CC=C%13)=N5)=CC=C1
88,TCz-4mCNTrz,"3,3',3''-(1,3,5-triazine-2,4,6-triyl)tris(4-(9H-carbazol-9-yl)benzonitrile)",N#CC1=CC=C(N2C(C=CC=C3)=C3C4=C2C=CC=C4)C(C5=NC(C6=CC(C#N)=CC=C6N7C(C=CC=C8)=C8C9=C7C=CC=C9)=NC(C%10=CC(C#N)=CC=C%10N%11C(C=CC=C%12)=C%12C%13=C%11C=CC=C%13)=N5)=C1
89,TCz-pCNTrz,"4,4',4''-(1,3,5-triazine-2,4,6-triyl)tris(3-(9H-carbazol-9-yl)benzonitrile)",N#CC1=CC=C(C2=NC(C3=CC=C(C#N)C=C3N4C(C=CC=C5)=C5C6=C4C=CC=C6)=NC(C7=CC=C(C#N)C=C7N8C(C=CC=C9)=C9C%10=C8C=CC=C%10)=N2)C(N%11C(C=CC=C%12)=C%12C%13=C%11C=CC=C%13)=C1
90,PBD,"2-([1,1'-biphenyl]-4-yl)-5-(4-(tert-butyl)phenyl)-1,3,4-oxadiazole",CC(C)(C)C(C=C1)=CC=C1C2=NN=C(C3=CC=C(C4=CC=CC=C4)C=C3)O2
91,TTPA,"4,4'-(cyclohexane-1,1-diyl)bis(N,N-di-p-tolylaniline)",CC(C=C1)=CC=C1N(C2=CC=C(C)C=C2)C(C=C3)=CC=C3C4(C5=CC=C(N(C6=CC=C(C)C=C6)C7=CC=C(C)C=C7)C=C5)CCCCC4
92,p-CZTRPT,"10-(4-(4-(4-(9H-carbazol-9-yl)phenyl)-6-phenyl-1,3,5-triazin-2-yl)phenyl)-10H-phenothiazine",C1(C2=CC=CC=C2)=NC(C3=CC=C(N4C(C=CC=C5)=C5SC6=C4C=CC=C6)C=C3)=NC(C7=CC=C(N8C(C=CC=C9)=C9C%10=C8C=CC=C%10)C=C7)=N1
93,p-OMeCZTRPT,"10-(4-(4-(4-(1,6-dimethoxy-9H-fluoren-9-yl)phenyl)-6-phenyl-1,3,5-triazin-2-yl)phenyl)-10H-phenothiazine",COC1=CC=CC2=C1C(C3=C2C=C(OC)C=C3)C(C=C4)=CC=C4C5=NC(C6=CC=C(N7C(C=CC=C8)=C8SC9=C7C=CC=C9)C=C6)=NC(C%10=CC=CC=C%10)=N5
94,o-CZTRPT,"10-(4-(4-(2-(9H-carbazol-9-yl)phenyl)-6-phenyl-1,3,5-triazin-2-yl)phenyl)-10H-phenothiazine",C1(C2=CC=C(N3C(C=CC=C4)=C4SC5=C3C=CC=C5)C=C2)=NC(C6=CC=CC=C6)=NC(C7=CC=CC=C7N8C(C=CC=C9)=C9C%10=C8C=CC=C%10)=N1
95,o-MeCZTRPT,"(r)-10-(4-(4-(2-(3,6-dimethoxy-9H-carbazol-9-yl)phenyl)-6-phenyl-1,3,5-triazin-2-yl)phenyl)-10H-phenothiazine",COC(C=C1)=CC2=C1[N@@](C3=C2C=C(OC)C=C3)[C@@]4=CC=CC=C4C5=NC(C6=CC=C(N7C(C=CC=C8)=C8SC9=C7C=CC=C9)C=C6)=NC(C%10=CC=CC=C%10)=N5
96,LB-T,"8,11-bis(4-(diphenylamino)phenyl)acenaphtho[1,2-b]quinoxaline-3,4-dicarbonitrile",N#CC1=C2C(C3=CC=C2C#N)=C(C=C1)C(C3=N4)=NC5=C4C(C6=CC=C(N(C7=CC=CC=C7)C8=CC=CC=C8)C=C6)=CC=C5C9=CC=C(N(C%10=CC=CC=C%10)C%11=CC=CC=C%11)C=C9
97,LB-Y,"9,10-bis(4-(diphenylamino)phenyl)acenaphtho[1,2-b]quinoxaline-3,4-dicarbonitrile",N#CC1=C2C(C3=CC=C2C#N)=C(C=C1)C(C3=N4)=NC5=C4C=C(C6=CC=C(N(C7=CC=CC=C7)C8=CC=CC=C8)C=C6)C(C9=CC=C(N(C%10=CC=CC=C%10)C%11=CC=CC=C%11)C=C9)=C5
98,2tBuTPA-QxCN,"5,8-bis(4-(bis(4-(tert-butyl)phenyl)amino)phenyl)-2,3-bis(4-(tert-butyl)phenyl)quinoxaline-6,7-dicarbonitrile",CC(C)(C)C(C=C1)=CC=C1C2=NC3=C(C4=CC=C(N(C5=CC=C(C(C)(C)C)C=C5)C6=CC=C(C(C)(C)C)C=C6)C=C4)C(C#N)=C(C#N)C(C7=CC=C(N(C8=CC=C(C(C)(C)C)C=C8)C9=CC=C(C(C)(C)C)C=C9)C=C7)=C3N=C2C%10=CC=C(C(C)(C)C)C=C%10
99,4tBuTPA-QxCN,"2,3,5,8-tetrakis(4-(bis(4-(tert-butyl)phenyl)amino)phenyl)quinoxaline-6,7-dicarbonitrile",CC(C)(C)C(C=C1)=CC=C1N(C2=CC=C(C(C)(C)C)C=C2)C(C=C3)=CC=C3C4=C(N=C(C5=CC=C(N(C6=CC=C(C(C)(C)C)C=C6)C7=CC=C(C(C)(C)C)C=C7)C=C5)C(C8=CC=C(N(C9=CC=C(C(C)(C)C)C=C9)C%10=CC=C(C(C)(C)C)C=C%10)C=C8)=N%11)C%11=C(C%12=CC=C(N(C%13=CC=C(C(C)(C)C)C=C%13)C%14=CC=C(C(C)(C)C)C=C%14)C=C%12)C(C#N)=C4C#N
100,2BPy-mTC,"(3-(3,6-di-tert-butyl-9H-carbazol-9-yl)phenyl)(pyridin-2-yl)methanone",O=C(C1=NC=CC=C1)C2=CC=CC(N3C(C=CC(C(C)(C)C)=C4)=C4C5=C3C=CC(C(C)(C)C)=C5)=C2
101,BSeN-Cz,"11,14-di-tert-butyl-7-(3,6-di-tert-butyl-9H-carbazol-9-yl)-5-selena-8b-aza-15b-borabenzo[a]naphtho[1,2,3-hi]aceanthrylene",CC(C)(C)C(C=C1C2=C3C=CC(C(C)(C)C)=C2)=CC4=C1N3C5=C(B4C6=C(C=CC=C6)[Se]7)C7=CC(N8C(C=CC(C(C)(C)C)=C9)=C9C%10=C8C=CC(C(C)(C)C)=C%10)=C5
102,BSeN-DCz,"11,14-di-tert-butyl-7-(3,3'',6,6''-tetra-tert-butyl-9'H-[9,3':6',9''-tercarbazol]-9'-yl)-5-selena-8b-aza-15b-borabenzo[a]naphtho[1,2,3-hi]aceanthrylene",CC(C)(C)C(C=C1C2=C3C=CC(C(C)(C)C)=C2)=CC4=C1N3C5=C(B4C6=C(C=CC=C6)[Se]7)C7=CC(N8C(C=CC(N9C(C=CC(C(C)(C)C)=C%10)=C%10C%11=C9C=CC(C(C)(C)C)=C%11)=C%12)=C%12C%13=C8C=CC(N%14C(C=CC(C(C)(C)C)=C%15)=C%15C%16=C%14C=CC(C(C)(C)C)=C%16)=C%13)=C5
103,BSeN-TCz,"11,14-di-tert-butyl-7-(3,3'''',6,6''''-tetra-tert-butyl-6',6'''-bis(3,6-di-tert-butyl-9H-carbazol-9-yl)-9''H-[9,3':9',3'':6'',9''':3''',9''''-quinquecarbazol]-9''-yl)-5-selena-8b-aza-15b-borabenzo[a]naphtho[1,2,3-hi]aceanthrylene",CC(C)(C)C(C=C1C2=C3C=CC(C(C)(C)C)=C2)=CC4=C1N3C5=C(B4C6=C(C=CC=C6)[Se]7)C7=CC(N8C(C=CC(N9C(C=CC(N%10C(C=CC(C(C)(C)C)=C%11)=C%11C%12=C%10C=CC(C(C)(C)C)=C%12)=C%13)=C%13C%14=C9C=CC(N%15C(C=CC(C(C)(C)C)=C%16)=C%16C%17=C%15C=CC(C(C)(C)C)=C%17)=C%14)=C%18)=C%18C%19=C8C=CC(N%20C(C=CC(N%21C(C=CC(C(C)(C)C)=C%22)=C%22C%23=C%21C=CC(C(C)(C)C)=C%23)=C%24)=C%24C%25=C%20C=CC(N%26C(C=CC(C(C)(C)C)=C%27)=C%27C%28=C%26C=CC(C(C)(C)C)=C%28)=C%25)=C%19)=C5
104,DPA-bisICZ,None,C1(N(C2=CC=CC=C2)C3=CC=CC=C3)=CC4=C(N5C(C4=CC(N(C6=CC=CC=C6)C7=CC=CC=C7)=C8)=C8C9=C5C=C%10C(N%11C%12=C%10C=C(N(C%13=CC=CC=C%13)C%14=CC=CC=C%14)C=C%12C%15=CC(N(C%16=CC=CC=C%16)C%17=CC=CC=C%17)=CC=C%15%11)=C9)C=C1
105,tBuDPA-bisICZ,None,CC(C)(C)C(C=C1)=CC=C1N(C2=CC=C(C(C)(C)C)C=C2)C3=CC4=C(N5C(C4=CC(N(C6=CC=C(C(C)(C)C)C=C6)C7=CC=C(C(C)(C)C)C=C7)=C8)=C8C9=C5C=C%10C(N%11C%12=C%10C=C(N(C%13=CC=C(C(C)(C)C)C=C%13)C%14=CC=C(C(C)(C)C)C=C%14)C=C%12C%15=CC(N(C%16=CC=C(C(C)(C)C)C=C%16)C%17=CC=C(C(C)(C)C)C=C%17)=CC=C%15%11)=C9)C=C3
106,MeODPA-bisICZ,None,COC(C=C1)=CC=C1N(C2=CC=C(OC)C=C2)C3=CC4=C(N5C(C4=CC(N(C6=CC=C(OC)C=C6)C7=CC=C(OC)C=C7)=C8)=C8C9=C5C=C%10C(N%11C%12=C%10C=C(N(C%13=CC=C(OC)C=C%13)C%14=CC=C(OC)C=C%14)C=C%12C%15=CC(N(C%16=CC=C(OC)C=C%16)C%17=CC=C(OC)C=C%17)=CC=C%15%11)=C9)C=C3
107,CNQP-TPA,"3,6-bis(4-(diphenylamino)phenyl)dipyrido[3,2-a:2',3'-c]phenazine-11,12-dicarbonitrile",N#CC1=C(C#N)C=C(N=C(C(C=CC(C2=CC=C(N(C3=CC=CC=C3)C4=CC=CC=C4)C=C2)=N5)=C5C6=C7C=CC(C8=CC=C(N(C9=CC=CC=C9)C%10=CC=CC=C%10)C=C8)=N6)C7=N%11)C%11=C1
108,TRZ-pCz,"9,9'-(4-(4,6-diphenyl-1,3,5-triazin-2-yl)-[1,1'-biphenyl]-2,4'-diyl)bis(9H-carbazole)",C1(N2C(C=CC=C3)=C3C4=C2C=CC=C4)=CC=C(C5=C(N6C(C=CC=C7)=C7C8=C6C=CC=C8)C=C(C9=NC(C%10=CC=CC=C%10)=NC(C%11=CC=CC=C%11)=N9)C=C5)C=C1
109,TRZ-mCz,"9,9'-(4-(4,6-diphenyl-1,3,5-triazin-2-yl)-[1,1'-biphenyl]-2,3'-diyl)bis(9H-carbazole)",C1(N2C(C=CC=C3)=C3C4=C2C=CC=C4)=CC(C5=C(N6C(C=CC=C7)=C7C8=C6C=CC=C8)C=C(C9=NC(C%10=CC=CC=C%10)=NC(C%11=CC=CC=C%11)=N9)C=C5)=CC=C1
110,TRZ-ptCz,"9,9'-(4-(4,6-diphenyl-1,3,5-triazin-2-yl)-[1,1'-biphenyl]-2,4'-diyl)bis(3,6-di-tert-butyl-9H-carbazole)",CC(C)(C)C(C=C1)=CC2=C1N(C3=C2C=C(C(C)(C)C)C=C3)C(C=C(C4=NC(C5=CC=CC=C5)=NC(C6=CC=CC=C6)=N4)C=C7)=C7C8=CC=C(N9C(C=CC(C(C)(C)C)=C%10)=C%10C%11=C9C=CC(C(C)(C)C)=C%11)C=C8
111,TRZ-mtCz,"2,6-di-tert-butyl-9-(2'-(3,6-di-tert-butyl-9H-carbazol-9-yl)-4'-(4,6-diphenyl-1,3,5-triazin-2-yl)-[1,1'-biphenyl]-3-yl)-9H-carbazole",CC(C)(C)C(C=C1)=CC2=C1N(C3=C2C=C(C(C)(C)C)C=C3)C(C=C(C4=NC(C5=CC=CC=C5)=NC(C6=CC=CC=C6)=N4)C=C7)=C7C8=CC=CC(N9C(C=CC(C(C)(C)C)=C%10)=C%10C%11=C9C=C(C(C)(C)C)C=C%11)=C8
112,PTZBNO,None,CC(C(C=C1)=CC2=C1OC3=C(N4C(C5=CC=C6)=C6SC7=C4C=CC=C7)C(B5C(C=C(C(C)(C)C)C=C8)=C8O9)=C9C%10=C3B2C%11=C%12N%10C(C=CC=C%13)=C%13SC%12=CC=C%11)(C)C
113,PXZBNO,None,CC(C(C=C1)=CC2=C1OC3=C(N4C(C5=CC=C6)=C6OC7=C4C=CC=C7)C(B5C(C=C(C(C)(C)C)C=C8)=C8O9)=C9C%10=C3B2C%11=C%12N%10C(C=CC=C%13)=C%13OC%12=CC=C%11)(C)C
114,DtBuCzB,None,CC(C1=CC2=C(C=C1)N(C(C2=CC(C(C)(C)C)=C3)=C3B4C5=C6N7C8=C(C=C(C(C)(C)C)C=C8)C6=CC(C(C)(C)C)=C5)C9=C4C7=CC=C9)(C)C
115,BN-TB,None,CC(C1=CC2=C(C=C1)N(C(C2=CC(C(C)(C)C)=C3)=C3B4C5=C6N7C8=C(C=C(C(C)(C)C)C=C8)C6=CC(C(C)(C)C)=C5)C9=C4C7=CC(C%10=C(C%11=CC=CC=C%11)C(C%12=CC=CC=C%12)=C(C%13=CC=CC=C%13)C(C%14=CC=CC=C%14)=C%10)=C9)(C)C
116,BN-PB,None,CC(C1=CC2=C(C=C1)N(C(C2=CC(C(C)(C)C)=C3)=C3B4C5=C6N7C8=C(C=C(C(C)(C)C)C=C8)C6=CC(C(C)(C)C)=C5)C9=C4C7=CC(C%10=CC=C(C%11=C(C%12=CC=CC=C%12)C(C%13=CC=CC=C%13)=C(C%14=CC=CC=C%14)C(C%15=CC=CC=C%15)=C%11)C=C%10)=C9)(C)C
117,QAO-0,"3,7,11-tris(4-methoxyphenyl)quinolino[3,2,1-de]acridine-5,9-dione",O=C1C2=C(C=CC(C3=CC=C(OC)C=C3)=C2)N(C4=C1C=C(C5=CC=C(OC)C=C5)C=C4C6=O)C7=C6C=C(C8=CC=C(OC)C=C8)C=C7
118,QAO-1,"3,7,11-tris(4-((5-(4-methoxy-9H-carbazol-9-yl)pentyl)oxy)phenyl)quinolino[3,2,1-de]acridine-5,9-dione",O=C1C2=C(C=CC(C3=CC=C(OCCCCCN4C(C=CC=C5)=C5C6=C4C=CC=C6OC)C=C3)=C2)N(C7=C1C=C(C8=CC=C(OCCCCCN9C(C=CC=C%10)=C%10C%11=C9C=CC=C%11OC)C=C8)C=C7C%12=O)C%13=C%12C=C(C%14=CC=C(OCCCCCN%15C(C=CC=C%16OC)=C%16C%17=C%15C=CC=C%17)C=C%14)C=C%13
119,QAO-2,"3-(4-((5-(4-((6-(4-(3-methoxy-9-phenyl-9H-fluoren-9-yl)phenoxy)hexyl)oxy)-9H-carbazol-9-yl)pentyl)oxy)phenyl)-7,11-bis(4-((5-(4-((6-(4-(9-(4-methoxyphenyl)-9H-fluoren-9-yl)phenoxy)hexyl)oxy)-9H-carbazol-9-yl)pentyl)oxy)phenyl)quinolino[3,2,1-de]acridine-5,9-dione",O=C1C2=C(C=CC(C3=CC=C(OCCCCCN4C(C=CC=C5)=C5C6=C4C=CC=C6OCCCCCCOC7=CC=C(C8(C(C=CC=C9)=C9C%10=C8C=CC=C%10)C%11=CC=C(OC)C=C%11)C=C7)C=C3)=C2)N(C%12=C1C=C(C%13=CC=C(OCCCCCN%14C(C=CC=C%15)=C%15C%16=C%14C=CC=C%16OCCCCCCOC%17=CC=C(C%18(C(C=CC=C%19)=C%19C%20=C%18C=CC=C%20)C%21=CC=C(OC)C=C%21)C=C%17)C=C%13)C=C%12C%22=O)C%23=C%22C=C(C%24=CC=C(OCCCCCN%25C(C=CC=C%26OCCCCCCOC%27=CC=C(C%28(C(C=CC(OC)=C%29)=C%29C%30=C%28C=CC=C%30)C%31=CC=CC=C%31)C=C%27)=C%26C%32=C%25C=CC=C%32)C=C%24)C=C%23
120,QAO-3,"3-(4-((5-(4-((6-(4-(3-((6-(9H-carbazol-9-yl)hexyl)oxy)-9-phenyl-9H-fluoren-9-yl)phenoxy)hexyl)oxy)-9H-carbazol-9-yl)pentyl)oxy)phenyl)-7,11-bis(4-((5-(4-((6-(4-(9-(4-((6-(9H-carbazol-9-yl)hexyl)oxy)phenyl)-9H-fluoren-9-yl)phenoxy)hexyl)oxy)-9H-carbazol-9-yl)pentyl)oxy)phenyl)quinolino[3,2,1-de]acridine-5,9-dione",O=C1C2=C(C=CC(C3=CC=C(OCCCCCN4C(C=CC=C5)=C5C6=C4C=CC=C6OCCCCCCOC7=CC=C(C8(C(C=CC=C9)=C9C%10=C8C=CC=C%10)C%11=CC=C(OCCCCCCN%12C(C=CC=C%13)=C%13C%14=C%12C=CC=C%14)C=C%11)C=C7)C=C3)=C2)N(C%15=C1C=C(C%16=CC=C(OCCCCCN%17C(C=CC=C%18)=C%18C%19=C%17C=CC=C%19OCCCCCCOC%20=CC=C(C%21(C(C=CC=C%22)=C%22C%23=C%21C=CC=C%23)C%24=CC=C(OCCCCCCN%25C(C=CC=C%26)=C%26C%27=C%25C=CC=C%27)C=C%24)C=C%20)C=C%16)C=C%15C%28=O)C%29=C%28C=C(C%30=CC=C(OCCCCCN%31C(C=CC=C%32OCCCCCCOC%33=CC=C(C%34(C(C=CC(OCCCCCCN%35C(C=CC=C%36)=C%36C%37=C%35C=CC=C%37)=C%38)=C%38C%39=C%34C=CC=C%39)C%40=CC=CC=C%40)C=C%33)=C%32C%41=C%31C=CC=C%41)C=C%30)C=C%29
121,AmT,"10-(3-(4,6-diphenyl-1,3,5-triazin-2-yl)phenyl)-9,9-dimethyl-9,10-dihydroacridine",CC1(C)C2=C(C=CC=C2)N(C3=CC=CC(C4=NC(C5=CC=CC=C5)=NC(C6=CC=CC=C6)=N4)=C3)C7=CC=CC=C71
122,AmmT,"10-(3'-(4,6-diphenyl-1,3,5-triazin-2-yl)-[1,1'-biphenyl]-3-yl)-9,9-dimethyl-9,10-dihydroacridine",CC1(C)C2=C(C=CC=C2)N(C3=CC=CC(C4=CC=CC(C5=NC(C6=CC=CC=C6)=NC(C7=CC=CC=C7)=N5)=C4)=C3)C8=CC=CC=C81
123,DMAC-o-TRZ,"10-(4-(4-(4,6-diphenyl-1,3,5-triazin-2-yl)phenoxy)phenyl)-9,9-dimethyl-9,10-dihydroacridine",CC(C1=C2C=CC=C1)(C)C3=C(C=CC=C3)N2C4=CC=C(OC5=CC=C(C6=NC(C7=CC=CC=C7)=NC(C8=CC=CC=C8)=N6)C=C5)C=C4
124,tBuDMAC-TPE-TRZ,"2,7-di-tert-butyl-10-(4-((8b-((4-(4,6-diphenyl-1,3,5-triazin-2-yl)phenyl)ethynyl)benzo[3,4]cyclobuta[1,2-a]benzo[3,4]cyclobuta[1,2-b]inden-4b(8bH)-yl)ethynyl)phenyl)-9,9-dimethyl-9,10-dihydroacridine",CC(C)(C)C1=CC=C2C(C(C)(C)C(C=C(C(C)(C)C)C=C3)=C3N2C4=CC=C(C#CC5(C6=C7C=CC=C6)C(C8=C9C=CC=C8)(C%10=C5C=CC=C%10)C79C#CC%11=CC=C(C%12=NC(C%13=CC=CC=C%13)=NC(C%14=CC=CC=C%14)=N%12)C=C%11)C=C4)=C1
125,tBuDMAC-TPE-TTR,"2-(4-((8b-((4-(2,7-di-tert-butyl-9,9-dimethylacridin-10(9H)-yl)phenyl)ethynyl)benzo[3,4]cyclobuta[1,2-a]benzo[3,4]cyclobuta[1,2-b]inden-4b(8bH)-yl)ethynyl)phenyl)thianthrene 5,5,10,10-tetraoxide",CC(C)(C)C1=CC=C2C(C(C)(C)C(C=C(C(C)(C)C)C=C3)=C3N2C4=CC=C(C#CC5(C6=C7C=CC=C6)C(C8=C9C=CC=C8)(C%10=C5C=CC=C%10)C79C#CC%11=CC=C(C%12=CC=C(S(C(C=CC=C%13)=C%13S%14(=O)=O)(=O)=O)C%14=C%12)C=C%11)C=C4)=C1
126,PT-CzTrz,"5-(4-(4-(4-(3,5-di(10H-phenothiazin-10-yl)phenoxy)phenyl)-6-phenyl-1,3,5-triazin-2-yl)phenyl)-5H-benzofuro[3,2-c]carbazole",C1(C2=CC=C(N3C(C=CC=C4)=C4C5=C3C=CC6=C5OC7=C6C=CC=C7)C=C2)=NC(C8=CC=CC=C8)=NC(C9=CC=C(OC%10=CC(N%11C(C=CC=C%12)=C%12SC%13=C%11C=CC=C%13)=CC(N%14C(C=CC=C%15)=C%15SC%16=C%14C=CC=C%16)=C%10)C=C9)=N1
127,mCP-o-TRZ,"9,9'-(5-(4-(4,6-diphenyl-1,3,5-triazin-2-yl)phenoxy)-1,3-phenylene)bis(9H-carbazole)",C1(N2C(C=CC=C3)=C3C4=C2C=CC=C4)=CC(N5C(C=CC=C6)=C6C7=C5C=CC=C7)=CC(OC8=CC=C(C9=NC(C%10=CC=CC=C%10)=NC(C%11=CC=CC=C%11)=N9)C=C8)=C1
128,DPA-XA-TRZ,"7-(4,6-diphenyl-1,3,5-triazin-2-yl)-9,9-dimethyl-N,N-diphenyl-9H-xanthen-2-amine",CC1(C)C2=C(C=CC(C3=NC(C4=CC=CC=C4)=NC(C5=CC=CC=C5)=N3)=C2)OC6=CC=C(N(C7=CC=CC=C7)C8=CC=CC=C8)C=C61
129,CzSiTrz,"9-([1,1'-biphenyl]-4-yl)-3-(4-((4'-(4,6-diphenyl-1,3,5-triazin-2-yl)-[1,1'-biphenyl]-4-yl)diphenylsilyl)phenyl)-9H-carbazole",N1(C2=CC=C(C3=CC=CC=C3)C=C2)C(C=CC=C4)=C4C5=C1C=CC(C6=CC=C([Si](C7=CC=CC=C7)(C8=CC=C(C9=CC=C(C%10=NC(C%11=CC=CC=C%11)=NC(C%12=CC=CC=C%12)=N%10)C=C9)C=C8)C%13=CC=CC=C%13)C=C6)=C5
130,PFCz-(BTZ-DMAC)50,"4,7-bis(2,7-bis(6-(9-hexyl-7-phenyl-9H-carbazol-2-yl)-9,9-dioctyl-9H-fluoren-3-yl)-9,9-dimethylacridin-10(9H)-yl)benzo[c][1,2,5]thiadiazole",CCCCCCN(C1=C2C=CC(C3=CC=CC=C3)=C1)C4=C2C=CC(C5=CC6=C(C=C5)C(CCCCCCCC)(CCCCCCCC)C(C6=C7)=CC=C7C8=CC(C(C)(C)C9=C%10C=CC(C%11=CC(C(C=C(C%12=CC=C(C(C=CC(C%13=CC=CC=C%13)=C%14)=C%14N%15CCCCCC)C%15=C%12)C=C%16)=C%16C%17(CCCCCCCC)CCCCCCCC)=C%17C=C%11)=C9)=C(C=C8)N%10C%18=CC=C(N%19C(C=CC(C%20=CC=C(C(CCCCCCCC)(CCCCCCCC)C%21=C%22C=C(C%23=CC(N(CCCCCC)C%24=C%25C=CC(C%26=CC=CC=C%26)=C%24)=C%25C=C%23)C=C%21)C%22=C%20)=C%27)=C%27C(C)(C)C%28=C%19C=CC(C%29=CC(C(C=C(C%30=CC=C(C(C=CC(C%31=CC=CC=C%31)=C%32)=C%32N%33CCCCCC)C%33=C%30)C=C%34)=C%34C%35(CCCCCCCC)CCCCCCCC)=C%35C=C%29)=C%28)C%36=NSN=C%36%18)=C4
131,2tBulnPz-BP33,"bis(4-(7,10-di-tert-butyl-5H-indolo[3,2,1-de]phenazin-5-yl)phenyl)methanone",CC(C)(C)C(C=C1)=CC2=C1N3C4=C2C=C(C(C)(C)C)C=C4N(C5=C3C=CC=C5)C(C=C6)=CC=C6C(C7=CC=C(N8C9=CC=CC=C9N%10C%11=C8C=C(C(C)(C)C)C=C%11C%12=CC(C(C)(C)C)=CC=C%10%12)C=C7)=O
132,2tBulnPz-XO33,"3,6-bis(7,10-di-tert-butyl-5H-indolo[3,2,1-de]phenazin-5-yl)-9H-xanthen-9-one",CC(C)(C)C(C=C1)=CC2=C1N3C4=C2C=C(C(C)(C)C)C=C4N(C5=C3C=CC=C5)C(C=C6)=CC7=C6C(C8=CC=C(N9C%10=CC=CC=C%10N%11C%12=C9C=C(C(C)(C)C)C=C%12C%13=CC(C(C)(C)C)=CC=C%11%13)C=C8O7)=O
133,m-DTPAQCN,"3,3'-(1,3-phenylene)bis(2-(4-(diphenylamino)phenyl)quinoxaline-6,7-dicarbonitrile)",N#CC(C(C#N)=C1)=CC2=C1N=C(C3=CC=CC(C4=NC(C=C(C#N)C(C#N)=C5)=C5N=C4C6=CC=C(N(C7=CC=CC=C7)C8=CC=CC=C8)C=C6)=C3)C(C9=CC=C(N(C%10=CC=CC=C%10)C%11=CC=CC=C%11)C=C9)=N2
134,p-DTPAQCN,"3,3'-(1,4-phenylene)bis(2-(4-(diphenylamino)phenyl)quinoxaline-6,7-dicarbonitrile)",N#CC(C(C#N)=C1)=CC2=C1N=C(C3=CC=C(N(C4=CC=CC=C4)C5=CC=CC=C5)C=C3)C(C6=CC=C(C7=NC(C=C(C#N)C(C#N)=C8)=C8N=C7C9=CC=C(N(C%10=CC=CC=C%10)C%11=CC=CC=C%11)C=C9)C=C6)=N2
135,ICP,"10-(4-(imidazo[4,5,1-jk]carbazol-1-yl)phenyl)-10H-phenoxazine",C12=CC=CC=C1OC3=C(C=CC=C3)N2C4=CC=C(C5=NC6=C7N5C8=CC=CC=C8C7=CC=C6)C=C4
136,MeICP,"10-(4-(imidazo[4,5,1-jk]carbazol-1-yl)-2,6-dimethylphenyl)-10H-phenoxazine",CC(C=C(C1=NC2=C3N1C4=CC=CC=C4C3=CC=C2)C=C5C)=C5N6C7=CC=CC=C7OC8=C6C=CC=C8
137,PhCz-TSBA,"3-(2,12-di-tert-butyl-5,9-dithia-13b-boranaphtho[3,2,1-de]anthracen-6-yl)-9-phenyl-9H-carbazole",CC(C)(C)C1=CC(B2C(C=C(C(C)(C)C)C=C3)=C3S4)=C(C=C1)SC(C2=C4C=C5)=C5C6=CC=C7C(C(C=CC=C8)=C8N7C9=CC=CC=C9)=C6
138,TPA-TSBA,"4-(2,12-di-tert-butyl-5,9-dithia-13b-boranaphtho[3,2,1-de]anthracen-6-yl)-N,N-diphenylaniline",CC(C)(C)C1=CC(B2C(C=C(C(C)(C)C)C=C3)=C3S4)=C(C=C1)SC(C2=C4C=C5)=C5C6=CC=C(N(C7=CC=CC=C7)C8=CC=CC=C8)C=C6
139,DTPA-TSBA,"4,4'-(2,12-di-tert-butyl-5,9-dithia-13b-boranaphtho[3,2,1-de]anthracene-6,8-diyl)bis(N,N-diphenylaniline)",CC(C)(C)C1=CC(B2C(C=C(C(C)(C)C)C=C3)=C3S4)=C(C=C1)SC(C2=C4C(C5=CC=C(N(C6=CC=CC=C6)C7=CC=CC=C7)C=C5)=C8)=C8C9=CC=C(N(C%10=CC=CC=C%10)C%11=CC=CC=C%11)C=C9
140,NAPB,"11,14-di-tert-butyl-2-(3,6-di-tert-butyl-9H-carbazol-9-yl)-16b-aza-9b-borafluoreno[1,9-ab]perylene",CC(C)(C)C(C=C1)=CC2=C1N3C4=C(C=C(C(C)(C)C)C=C42)B(C5=CC=CC6=CC=CC7=C56)C8=C7C=C(N9C(C=CC(C(C)(C)C)=C%10)=C%10C%11=C9C=CC(C(C)(C)C)=C%11)C=C83
141,BBCZ,None,CC(C)(C)C(C=C1C2=C3C=CC(C(C)(C)C)=C2)=CC4=C1N3C5=CC(C6=CC=CC=C6)=CC7=C5B4C8=C9N7C(C=CC(C(C)(C)C)=C%10)=C%10C9=CC(C(C)(C)C)=C8
142,DspiroS-PX,"3-(10H-spiro[acridine-9,9'-thioxanthen]-10-yl)phenoxathiine 10,10-dioxide",O=S1(C2=C(OC3=C1C=CC(N(C4=C5C=CC=C4)C6=C(C5(C7=C8C=CC=C7)C9=C(S8)C=CC=C9)C=CC=C6)=C3)C=CC=C2)=O
143,DspiroSO-PX,"10-(10,10-dioxidophenoxathiin-3-yl)-10H-spiro[acridine-9,9'-thioxanthene] 10',10'-dioxide",O=S1(C2=C(OC3=C1C=CC(N(C4=C5C=CC=C4)C6=C(C5(C7=C8C=CC=C7)C9=C(S8(=O)=O)C=CC=C9)C=CC=C6)=C3)C=CC=C2)=O
144,DspiroS-PA,"10-(phenoxathiin-3-yl)-10H-spiro[acridine-9,9'-thioxanthene]",C1(OC(C=C(N(C2=C3C=CC=C2)C4=C(C3(C5=C6C=CC=C5)C7=C(S6)C=CC=C7)C=CC=C4)C=C8)=C8S9)=C9C=CC=C1
145,DPAc-PX,"3-(9,9-diphenylacridin-10(9H)-yl)phenoxathiine 10,10-dioxide",O=S1(C2=C(OC3=C1C=CC(N(C4=C5C=CC=C4)C6=C(C5(C7=CC=CC=C7)C8=CC=CC=C8)C=CC=C6)=C3)C=CC=C2)=O
146,DPAc-PA,"10-(phenoxathiin-3-yl)-9,9-diphenyl-9,10-dihydroacridine",C1(OC(C=C(N(C2=C3C=CC=C2)C4=C(C3(C5=CC=CC=C5)C6=CC=CC=C6)C=CC=C4)C=C7)=C7S8)=C8C=CC=C1
147,SCz-PX,"3-(9H-carbazol-9-yl)phenoxathiine 10,10-dioxide",O=S1(C2=C(OC3=C1C=CC(N(C4=C5C=CC=C4)C6=C5C=CC=C6)=C3)C=CC=C2)=O
148,tBuTPAQxCN,"2,3-bis(4-(bis(4-(tert-butyl)phenyl)amino)phenyl)-6,7-bis(4-(tert-butyl)phenyl)quinoxaline-5,8-dicarbonitrile",CC(C)(C)C(C=C1)=CC=C1C2=C(C#N)C3=NC(C4=CC=C(N(C5=CC=C(C(C)(C)C)C=C5)C6=CC=C(C(C)(C)C)C=C6)C=C4)=C(C7=CC=C(N(C8=CC=C(C(C)(C)C)C=C8)C9=CC=C(C(C)(C)C)C=C9)C=C7)N=C3C(C#N)=C2C%10=CC=C(C(C)(C)C)C=C%10
149,ICA@HBO2,None,OC(C1=CC=CC2=C1C=CN2)=O
150,Cl-ICA@HBO2,None,OC(C1=CC=C(Cl)C2=C1C=CN2)=O
151,COOH-ICA@HBO,None,ClC1=CC(C(O)=O)=CC2=C1NC(C(O)=O)=C2
152,DMAC-DPS-DOPTZ,"10-(4-((4-(9,9-dimethylacridin-10(9H)-yl)phenyl)sulfonyl)phenyl)-10H-phenothiazine 5,5-dioxide",CC1(C)C2=CC=CC=C2N(C3=C1C=CC=C3)C(C=C4)=CC=C4S(C(C=C5)=CC=C5N6C7=C(C=CC=C7)S(C8=CC=CC=C86)(=O)=O)(=O)=O
153,PXZ-DPS-DOPTZ,"10-(4-((4-(10H-phenoxazin-10-yl)phenyl)sulfonyl)phenyl)-10H-phenothiazine 5,5-dioxide",O=S(C(C=C1)=CC=C1N2C3=C(C=CC=C3)S(C4=CC=CC=C42)(=O)=O)(C5=CC=C(N6C7=CC=CC=C7OC8=C6C=CC=C8)C=C5)=O
154,Ac-DibzPyrQx,"3-(4-(9,9-dimethylacridin-10(9H)-yl)phenyl)-12,13-diphenyldibenzo[a,c]pyrazino[2,3-i]phenazine",CC(C1=C2C=CC=C1)(C)C3=C(C=CC=C3)N2C(C=C4)=CC=C4C5=CC(C6=C7C=CC=C6)=C(C=C5)C(C7=N8)=NC(C8=C9)=CC%10=C9N=C(C(C%11=CC=CC=C%11)=N%10)C%12=CC=CC=C%12
155,tCz-DibzPyrQx,"3-(4-(3,6-di-tert-butyl-9H-carbazol-9-yl)phenyl)-12,13-diphenyldibenzo[a,c]pyrazino[2,3-i]phenazine",CC(C)(C)C1=CC(C2=C3C=CC(C(C)(C)C)=C2)=C(C=C1)N3C(C=C4)=CC=C4C5=CC(C6=C7C=CC=C6)=C(C=C5)C(C7=N8)=NC(C8=C9)=CC%10=C9N=C(C(C%11=CC=CC=C%11)=N%10)C%12=CC=CC=C%12
156,m-CZ-DPS-DMAC,"10-(3-((3,5-di(9H-carbazol-9-yl)phenyl)sulfonyl)phenyl)-9,9-dimethyl-9,10-dihydroacridine",CC(C1=C2C=CC=C1)(C)C3=C(C=CC=C3)N2C4=CC=CC(S(C5=CC(N6C(C=CC=C7)=C7C8=C6C=CC=C8)=CC(N9C(C=CC=C%10)=C%10C%11=C9C=CC=C%11)=C5)(=O)=O)=C4
157,5CzTRZ,"9,9',9'',9''',9''''-(6-(4,6-diphenyl-1,3,5-triazin-2-yl)benzene-1,2,3,4,5-pentayl)pentakis(9H-carbazole)",C1(N2C(C=CC=C3)=C3C4=C2C=CC=C4)=C(N5C(C=CC=C6)=C6C7=C5C=CC=C7)C(N8C(C=CC=C9)=C9C%10=C8C=CC=C%10)=C(N%11C(C=CC=C%12)=C%12C%13=C%11C=CC=C%13)C(N%14C(C=CC=C%15)=C%15C%16=C%14C=CC=C%16)=C1C%17=NC(C%18=CC=CC=C%18)=NC(C%19=CC=CC=C%19)=N%17
158,5CzTRZ-Cb,"9,9',9'',9''',9''''-((((6-(4,6-diphenyl-1,3,5-triazin-2-yl)benzene-1,2,3,4,5-pentayl)pentakis(9H-carbazole-9,4-diyl))pentakis(oxy))pentakis(hexane-6,1-diyl))pentakis(9H-pyrido[2,3-b]indole)",C1(N2C(C=CC=C3OCCCCCCN4C(N=CC=C5)=C5C6=C4C=CC=C6)=C3C7=C2C=CC=C7)=C(N8C(C=CC=C9OCCCCCCN%10C(N=CC=C%11)=C%11C%12=C%10C=CC=C%12)=C9C%13=C8C=CC=C%13)C(N%14C(C=CC=C%15OCCCCCCN%16C(N=CC=C%17)=C%17C%18=C%16C=CC=C%18)=C%15C%19=C%14C=CC=C%19)=C(N%20C(C=CC=C%21OCCCCCCN%22C(N=CC=C%23)=C%23C%24=C%22C=CC=C%24)=C%21C%25=C%20C=CC=C%25)C(N%26C(C=CC=C%27OCCCCCCN%28C(N=CC=C%29)=C%29C%30=C%28C=CC=C%30)=C%27C%31=C%26C=CC=C%31)=C1C%32=NC(C%33=CC=CC=C%33)=NC(C%34=CC=CC=C%34)=N%32
159,5CzTRZ-Cz,"9,9',9'',9''',9''''-(6-(4,6-diphenyl-1,3,5-triazin-2-yl)benzene-1,2,3,4,5-pentayl)pentakis(4-((6-(9H-carbazol-9-yl)hexyl)oxy)-9H-carbazole)",C1(N2C(C=CC=C3OCCCCCCN4C(C=CC=C5)=C5C6=C4C=CC=C6)=C3C7=C2C=CC=C7)=C(N8C(C=CC=C9OCCCCCCN%10C(C=CC=C%11)=C%11C%12=C%10C=CC=C%12)=C9C%13=C8C=CC=C%13)C(N%14C(C=CC=C%15OCCCCCCN%16C(C=CC=C%17)=C%17C%18=C%16C=CC=C%18)=C%15C%19=C%14C=CC=C%19)=C(N%20C(C=CC=C%21OCCCCCCN%22C(C=CC=C%23)=C%23C%24=C%22C=CC=C%24)=C%21C%25=C%20C=CC=C%25)C(N%26C(C=CC=C%27OCCCCCCN%28C(C=CC=C%29)=C%29C%30=C%28C=CC=C%30)=C%27C%31=C%26C=CC=C%31)=C1C%32=NC(C%33=CC=CC=C%33)=NC(C%34=CC=CC=C%34)=N%32
160,MeBN,"5,9-dimesityl-7-methyl-5,9-dihydro-5,9-diaza-13b-boranaphtho[3,2,1-de]anthracene",CC1=CC(C)=CC(C)=C1N2C(C=C(C)C=C3N(C4=C(C)C=C(C)C=C4C)C5=C6C=CC=C5)=C3B6C7=C2C=CC=C7
161,NaBN-Me,"6,10-dimesityl-1,1,4,4,8,12,12,15,15-nonamethyl-1,2,3,4,6,10,12,13,14,15-decahydro-6,10-diaza-16b-boraanthra[3,2,1-de]tetracene",CC1=CC(C)=CC(C)=C1N2C(C=C(C)C=C3N(C4=C(C)C=C(C)C=C4C)C5=C6C=C7C(C(C)(C)CCC7(C)C)=C5)=C3B6C8=C2C=C9C(C(C)(C)CCC9(C)C)=C8
162,NaBN-DPA,"N,6,10-trimesityl-1,1,4,4,12,12,15,15-octamethyl-N-(5,5,8,8-tetramethyl-5,6,7,8-tetrahydronaphthalen-2-yl)-1,2,3,4,6,10,12,13,14,15-decahydro-6,10-diaza-16b-boraanthra[3,2,1-de]tetracen-8-amine",CC1=CC(C)=CC(C)=C1N2C(C=C(N(C3=CC(C(C)(C)CCC4(C)C)=C4C=C3)C5=C(C)C=C(C)C=C5C)C=C6N(C7=C(C)C=C(C)C=C7C)C8=C9C=C%10C(C(C)(C)CCC%10(C)C)=C8)=C6B9C%11=C2C=C%12C(C(C)(C)CCC%12(C)C)=C%11
163,PhCQ,"N-([1,1'-biphenyl]-2-yl)-N-(4-(9-(2,4-diphenylquinazolin-6-yl)-9H-carbazol-3-yl)phenyl)-9,9-dimethyl-9H-fluoren-1-amine",CC(C1=C2C=CC=C1)(C)C(C2=CC=C3)=C3N(C4=C(C5=CC=CC=C5)C=CC=C4)C(C=C6)=CC=C6C(C=C7)=CC8=C7N(C9=C8C=CC=C9)C%10=CC%11=C(C=C%10)N=C(C%12=CC=CC=C%12)N=C%11C%13=CC=CC=C%13
164,m-PyCQ,"N-([1,1'-biphenyl]-2-yl)-9,9-dimethyl-N-(4-(9-(2-phenyl-4-(pyridin-3-yl)quinazolin-6-yl)-9H-carbazol-3-yl)phenyl)-9H-fluoren-1-amine",CC(C1=C2C=CC=C1)(C)C(C2=CC=C3)=C3N(C4=C(C5=CC=CC=C5)C=CC=C4)C(C=C6)=CC=C6C(C=C7)=CC8=C7N(C9=C8C=CC=C9)C%10=CC%11=C(C=C%10)N=C(C%12=CC=CC=C%12)N=C%11C%13=CC=CN=C%13
165,p-PyCQ,"N-([1,1'-biphenyl]-2-yl)-9,9-dimethyl-N-(4-(9-(2-phenyl-4-(pyridin-4-yl)quinazolin-6-yl)-9H-carbazol-3-yl)phenyl)-9H-fluoren-1-amine",CC(C1=C2C=CC=C1)(C)C(C2=CC=C3)=C3N(C4=C(C5=CC=CC=C5)C=CC=C4)C(C=C6)=CC=C6C(C=C7)=CC8=C7N(C9=C8C=CC=C9)C%10=CC%11=C(C=C%10)N=C(C%12=CC=CC=C%12)N=C%11C%13=CC=NC=C%13
166,BP-2CzTE,bis(4-(3-(thianthren-1-yl)-9H-carbazol-9-yl)phenyl)methanone,O=C(C1=CC=C(N2C(C=CC(C3=C(SC(C=CC=C4)=C4S5)C5=CC=C3)=C6)=C6C7=C2C=CC=C7)C=C1)C8=CC=C(N9C(C=CC=C%10)=C%10C%11=C9C=CC(C%12=CC=CC%13=C%12SC%14=C(C=CC=C%14)S%13)=C%11)C=C8
167,BP-2Cz2TE,"bis(4-(3,6-di(thianthren-1-yl)-9H-carbazol-9-yl)phenyl)methanone",O=C(C1=CC=C(N2C(C=CC(C3=C(SC(C=CC=C4)=C4S5)C5=CC=C3)=C6)=C6C7=C2C=CC(C8=CC=CC9=C8SC%10=C(C=CC=C%10)S9)=C7)C=C1)C%11=CC=C(N%12C(C=CC(C%13=C(SC(C=CC=C%14)=C%14S%15)C%15=CC=C%13)=C%16)=C%16C%17=C%12C=CC(C%18=CC=CC%19=C%18SC%20=C(C=CC=C%20)S%19)=C%17)C=C%11
168,None,"(R)-(3,6-di-tert-butyl-1,8-dimethyl-9H-carbazol-9-yl)(3-(2,6-diisopropylphenyl)-5-isopropyl-4-phenyl-2,3-dihydrothiazol-2-yl)gold",CC(C)C(S1)=C(C2=CC=CC=C2)N([C@H]1[Au]N3C4=C(C=C(C(C)(C)C)C=C4C)C5=C3C(C)=CC(C(C)(C)C)=C5)C6=C(C(C)C)C=CC=C6C(C)C
169,23bCzSOB,"7,7'-(sulfonylbis(4,1-phenylene))bis(5-phenyl-5,7-dihydroindolo[2,3-b]carbazole)",O=S(C(C=C1)=CC=C1N2C3=C(C=CC=C3)C(C2=C4)=CC5=C4N(C6=CC=CC=C6)C7=C5C=CC=C7)(C8=CC=C(N9C(C=C(N(C%10=CC=CC=C%10)C%11=C%12C=CC=C%11)C%12=C%13)=C%13C%14=C9C=CC=C%14)C=C8)=O
170,23bCzTPO,"3,7-bis(7-phenylindolo[2,3-b]carbazol-5(7H)-yl)dibenzo[b,d]thiophene 5,5-dioxide",O=S1(C2=CC(N3C4=C(C=C(C(C=CC=C5)=C5N6C7=CC=CC=C7)C6=C4)C8=CC=CC=C83)=CC=C2C9=C1C=C(N%10C(C=C(N(C%11=CC=CC=C%11)C%12=C%13C=CC=C%12)C%13=C%14)=C%14C%15=C%10C=CC=C%15)C=C9)=O
171,23aIC-TAZTRZ,"11-(4-(5,7-diphenyl-[1,2,4]triazolo[1,5-a][1,3,5]triazin-2-yl)phenyl)-12-phenyl-11,12-dihydroindolo[2,3-a]carbazole",C12=CC=CC=C1N(C3=CC=C(C4=NN5C(N=C(C6=CC=CC=C6)N=C5C7=CC=CC=C7)=N4)C=C3)C8=C2C=CC9=C8N(C%10=CC=CC=C%10)C%11=C9C=CC=C%11
172,32aIC-TAZTRZ,"12-(4-(5,7-diphenyl-[1,2,4]triazolo[1,5-a][1,3,5]triazin-2-yl)phenyl)-5-phenyl-5,12-dihydroindolo[3,2-a]carbazole",C12=CC=CC=C1N(C3=CC=C(C4=NN5C(N=C(C6=CC=CC=C6)N=C5C7=CC=CC=C7)=N4)C=C3)C8=C2C=CC9=C8C%10=C(C=CC=C%10)N9C%11=CC=CC=C%11
173,PSOBCz,"9-phenyl-9'-(4-(phenylsulfonyl)phenyl)-9H,9'H-3,3'-bicarbazole",O=S(C(C=C1)=CC=C1N(C2=C3C=CC=C2)C(C3=C4)=CC=C4C(C=C5)=CC6=C5N(C7=C6C=CC=C7)C8=CC=CC=C8)(C9=CC=CC=C9)=O
174,PBCzPM,"phenyl(4-(9'-phenyl-9H,9'H-[3,3'-bicarbazol]-9-yl)phenyl)methanone",O=C(C1=CC=CC=C1)C(C=C2)=CC=C2N(C3=C4C=CC=C3)C(C4=C5)=CC=C5C(C=C6)=CC7=C6N(C8=C7C=CC=C8)C9=CC=CC=C9
175,BCzDPM,"(9H,9'H-[3,3'-bicarbazole]-9,9'-diylbis(4,1-phenylene))bis(phenylmethanone)",O=C(C1=CC=CC=C1)C(C=C2)=CC=C2N(C3=C4C=CC=C3)C(C4=C5)=CC=C5C(C=C6)=CC7=C6N(C8=C7C=CC=C8)C9=CC=C(C(C%10=CC=CC=C%10)=O)C=C9
176,DMAC-TRZ,"10-(4-(4,6-diphenyl-1,3,5-triazin-2-yl)phenyl)-9,9-dimethyl-9,10-dihydroacridine",CC(C(C=CC=C1)=C1N2C3=CC=C(C4=NC(C5=CC=CC=C5)=NC(C6=CC=CC=C6)=N4)C=C3)(C)C7=C2C=CC=C7
177,DMPPP,"1-(4-(3,5a1-dihydropyren-1-yl)-2,5-dimethylphenyl)pyrene",CC1=CC(C2=CCC3=CC=C4C=CC=C5C4C3=C2C=C5)=C(C)C=C1C6=C(C=C7)C(C(C7=CC=C8)=C8C=C9)=C9C=C6
178,Ir(piq)2(acac),None,CC([CH-]C(C)=O1)=O[Ir+]213([N]4=C(C5=C3C=CC=C5)C(C=CC=C6)=C6C=C4)[N](C=C7)=C(C8=CC=CC=C82)C9=C7C=CC=C9
179,CAI-DMAC,"2,2'-((1R,2S)-cyclohexane-1,2-diyl)bis(6-(9,9-dimethylacridin-10(9H)-yl)-1H-benzo[de]isoquinoline-1,3(2H)-dione)",CC(C1=C2C=CC=C1)(C)C3=C(C=CC=C3)N2C4=CC=C(C5=C6C=CC=C54)C(N([C@H]7[C@@H](N8C(C9=CC=C(N%10C(C=CC=C%11)=C%11C(C)(C)C%12=C%10C=CC=C%12)C%13=CC=CC(C8=O)=C9%13)=O)CCCC7)C6=O)=O
180,"(+)-(S,S)-CAI-DMAC","2,2'-((1S)-cyclohexane-1,2-diyl)bis(6-(9,9-dimethylacridin-10(9H)-yl)-1H-benzo[de]isoquinoline-1,3(2H)-dione)",CC(C1=C2C=CC=C1)(C)C3=C(C=CC=C3)N2C4=CC=C(C(C4=CC=C5)=C5C6=O)C(N6C7[C@@H](N8C(C9=CC=C(N%10C(C=CC=C%11)=C%11C(C)(C)C%12=C%10C=CC=C%12)C%13=CC=CC(C8=O)=C9%13)=O)CCCC7)=O
181,"(?)-(R,R)-CAI-DMAC","2,2'-((1R)-cyclohexane-1,2-diyl)bis(6-(9,9-dimethylacridin-10(9H)-yl)-1H-benzo[de]isoquinoline-1,3(2H)-dione)",CC(C1=C2C=CC=C1)(C)C3=C(C=CC=C3)N2C4=CC=C(C5=C6C=CC=C54)C(N([C@H]7C(N8C(C9=CC=C(N%10C(C=CC=C%11)=C%11C(C)(C)C%12=C%10C=CC=C%12)C%13=CC=CC(C8=O)=C9%13)=O)CCCC7)C6=O)=O
182,PXZ-NAI,"6-(10H-phenoxazin-10-yl)-2-phenyl-1H-benzo[de]isoquinoline-1,3(2H)-dione",O=C1N(C2=CC=CC=C2)C(C(C3=C4C=CC=C31)=CC=C4N5C6=C(C=CC=C6)OC7=CC=CC=C75)=O
183,PTZ-NAI,"6-(10H-phenothiazin-10-yl)-2-phenyl-1H-benzo[de]isoquinoline-1,3(2H)-dione",O=C1N(C2=CC=CC=C2)C(C(C3=C4C=CC=C31)=CC=C4N5C6=C(C=CC=C6)SC7=CC=CC=C75)=O
184,3TCPM,(4-(3-(4-(diphenylamino)phenyl)-9H-carbazol-9-yl)phenyl)(phenyl)methanone,O=C(C1=CC=CC=C1)C(C=C2)=CC=C2N3C4=C(C=CC=C4)C5=C3C=CC(C(C=C6)=CC=C6N(C7=CC=CC=C7)C8=CC=CC=C8)=C5
185,2TCPM,(4-(2-(4-(diphenylamino)phenyl)-9H-carbazol-9-yl)phenyl)(phenyl)methanone,O=C(C1=CC=CC=C1)C2=CC=C(N3C4=C(C=CC=C4)C(C3=C5)=CC=C5C(C=C6)=CC=C6N(C7=CC=CC=C7)C8=CC=CC=C8)C=C2
186,1TCPM,(4-(1-(4-(diphenylamino)phenyl)-9H-carbazol-9-yl)phenyl)(phenyl)methanone,O=C(C1=CC=CC=C1)C(C=C2)=CC=C2N3C4=C(C=CC=C4)C5=C3C(C(C=C6)=CC=C6N(C7=CC=CC=C7)C8=CC=CC=C8)=CC=C5
187,1TCPM-Cz,(4-(9H-carbazol-9-yl)phenyl)(4-(1-(4-(diphenylamino)phenyl)-9H-carbazol-9-yl)phenyl)methanone,O=C(C1=CC=C(N2C(C=CC=C3)=C3C4=C2C=CC=C4)C=C1)C(C=C5)=CC=C5N6C7=C(C=CC=C7)C8=C6C(C(C=C9)=CC=C9N(C%10=CC=CC=C%10)C%11=CC=CC=C%11)=CC=C8
188,mCP-6C-TRZ,"9,9'-(5-((6-(4-(4,6-diphenyl-1,3,5-triazin-2-yl)phenoxy)hexyl)oxy)-1,3-phenylene)bis(9H-carbazole)",C1(N(C2=CC(N3C(C=CC=C4)=C4C5=C3C=CC=C5)=CC(OCCCCCCOC6=CC=C(C7=NC(C8=CC=CC=C8)=NC(C9=CC=CC=C9)=N7)C=C6)=C2)C%10=C%11C=CC=C%10)=C%11C=CC=C1
189,phCz-6C-TRZ,"9-(4-((6-(4-(4,6-diphenyl-1,3,5-triazin-2-yl)phenoxy)hexyl)oxy)phenyl)-9H-carbazole",C1(N2C(C=CC=C3)=C3C4=C2C=CC=C4)=CC=C(OCCCCCCOC5=CC=C(C6=NC(C7=CC=CC=C7)=NC(C8=CC=CC=C8)=N6)C=C5)C=C1
190,2phCz-6C-TRZ,"9-(6-(4-(4,6-diphenyl-1,3,5-triazin-2-yl)phenoxy)hexyl)-3,6-diphenyl-9H-carbazole",C1(C2=CC(C(C=C(C3=CC=CC=C3)C=C4)=C4N5CCCCCCOC6=CC=C(C7=NC(C8=CC=CC=C8)=NC(C9=CC=CC=C9)=N7)C=C6)=C5C=C2)=CC=CC=C1
191,DBBPZ-DPXZ,"10,10'-(11,12-diphenyldibenzo[a,c]phenazine-3,6-diyl)bis(10H-phenoxazine)",C12=C(C=C(C3=CC=CC=C3)C(C4=CC=CC=C4)=C2)N=C5C(C(C=CC(N6C(C=CC=C7)=C7OC8=C6C=CC=C8)=C9)=C9C%10=C5C=CC(N%11C(C=CC=C%12)=C%12OC%13=C%11C=CC=C%13)=C%10)=N1
192,mDPBPZ-DPXZ,"10,10'-(11,12-di(pyridin-3-yl)dibenzo[a,c]phenazine-3,6-diyl)bis(10H-phenoxazine)",C12=C(C=C(C3=CC=CN=C3)C(C4=CN=CC=C4)=C2)N=C5C(C(C=CC(N6C(C=CC=C7)=C7OC8=C6C=CC=C8)=C9)=C9C%10=C5C=CC(N%11C(C=CC=C%12)=C%12OC%13=C%11C=CC=C%13)=C%10)=N1
193,DPIBPZ-DPXZ,"10,10'-(11,12-di(pyrimidin-5-yl)dibenzo[a,c]phenazine-3,6-diyl)bis(10H-phenoxazine)",C12=C(C=C(C3=CN=CN=C3)C(C4=CN=CN=C4)=C2)N=C5C(C(C=CC(N6C(C=CC=C7)=C7OC8=C6C=CC=C8)=C9)=C9C%10=C5C=CC(N%11C(C=CC=C%12)=C%12OC%13=C%11C=CC=C%13)=C%10)=N1
194,BCZ-BTD-AD,"4-(3,5-di(9H-carbazol-9-yl)phenyl)-7-(9,9-dimethylacridin-10(9H)-yl)benzo[c][1,2,5]thiadiazole",CC1(C)C2=C(C=CC=C2)N(C3=CC=C(C4=CC(N5C(C=CC=C6)=C6C7=C5C=CC=C7)=CC(N8C(C=CC=C9)=C9C%10=C8C=CC=C%10)=C4)C%11=NSN=C3%11)C%12=CC=CC=C%121
195,BCPBT,"4,7-bis(3,5-di(9H-carbazol-9-yl)phenyl)benzo[c][1,2,5]thiadiazole",C1(C2=CC=C(C3=CC(N4C(C=CC=C5)=C5C6=C4C=CC=C6)=CC(N7C(C=CC=C8)=C8C9=C7C=CC=C9)=C3)C%10=NSN=C2%10)=CC(N%11C(C=CC=C%12)=C%12C%13=C%11C=CC=C%13)=CC(N%14C(C=CC=C%15)=C%15C%16=C%14C=CC=C%16)=C1
196,None,"1,3-di(9H-carbazol-9-yl)benzene",C1(N2C3=C(C4=C2C=CC=C4)C=CC=C3)=CC=CC(N5C6=C(C7=C5C=CC=C7)C=CC=C6)=C1
197,TRZ-DCF,"2-(9H-carbazol-9-yl)-5-(4-(4,6-diphenyl-1,3,5-triazin-2-yl)-2-methylphenyl)-7,7-dimethyl-5,7-dihydroindeno[2,1-b]carbazole",CC(C1=C2C=CC=C1)(C)C(C2=C3)=CC4=C3C(C=C(N5C(C=CC=C6)=C6C7=C5C=CC=C7)C=C8)=C8N4C(C=C9)=C(C)C=C9C%10=NC(C%11=CC=CC=C%11)=NC(C%12=CC=CC=C%12)=N%10
198,TRTZ,"9-(4-(4,6-diphenyl-1,3,5-triazin-2-yl)phenyl)-9H-carbazole",C1(C2=NC(C3=CC=CC=C3)=NC(C4=CC=C(N5C(C=CC=C6)=C6C7=C5C=CC=C7)C=C4)=N2)=CC=CC=C1
199,4CzIPN,"((4s,6s)-2,4,5,6-tetra(9H-carbazol-9-yl)isophthalonitrile)",N#CC1=C(N2C3=C(C4=C2C=CC=C4)C=CC=C3)C(N5C6=C(C7=C5C=CC=C7)C=CC=C6)=[C@@](N8C9=C(C%10=C8C=CC=C%10)C=CC=C9)C(C#N)=C1N%11C%12=C(C%13=C%11C=CC=C%13)C=CC=C%12
200,Cz-4CzIPN,"(4M)-2,4,5,6-tetrakis(4-((6-(9H-carbazol-9-yl)hexyl)oxy)-9H-carbazol-9-yl)isophthalonitrile",N#CC1=C(N2C3=C(C4=C2C=CC=C4)C(OCCCCCCN5C(C=CC=C6)=C6C7=C5C=CC=C7)=CC=C3)C(N8C9=C(C%10=C8C=CC=C%10)C(OCCCCCCN%11C(C=CC=C%12)=C%12C%13=C%11C=CC=C%13)=CC=C9)=[C@@](N%14C%15=C(C%16=C%14C=CC=C%16)C(OCCCCCCN%17C(C=CC=C%18)=C%18C%19=C%17C=CC=C%19)=CC=C%15)C(C#N)=C1N%20C%21=C(C%22=C%20C=CC=C%22)C(OCCCCCCN%23C(C=CC=C%24)=C%24C%25=C%23C=CC=C%25)=CC=C%21
201,Cy-2Cz,"2'-(9'-phenyl-9H,9'H-[3,3'-bicarbazol]-9-yl)-[1,1'-biphenyl]-2-carbonitrile",N#CC1=C(C2=CC=CC=C2N3C(C=CC(C4=CC=C(N(C5=CC=CC=C5)C6=C7C=CC=C6)C7=C4)=C8)=C8C9=C3C=CC=C9)C=CC=C1
202,Cy-3Cz,"2'-(9,9''-diphenyl-9H,9'H,9''H-[3,3':6',3''-tercarbazol]-9'-yl)-[1,1'-biphenyl]-2-carbonitrile",N#CC1=C(C2=CC=CC=C2N3C(C=CC(C4=CC(C(C=CC=C5)=C5N6C7=CC=CC=C7)=C6C=C4)=C8)=C8C9=C3C=CC(C%10=CC=C(N(C%11=CC=CC=C%11)C%12=C%13C=CC=C%12)C%13=C%10)=C9)C=CC=C1
203,Sf-3Cz,"9,9''-diphenyl-9'-(4-(phenylsulfonyl)phenyl)-9H,9'H,9''H-3,3':6',3''-tercarbazole",O=S(C1=CC=C(N2C(C=CC(C3=CC(C(C=CC=C4)=C4N5C6=CC=CC=C6)=C5C=C3)=C7)=C7C8=C2C=CC(C9=CC=C(N(C%10=CC=CC=C%10)C%11=C%12C=CC=C%11)C%12=C9)=C8)C=C1)(C%13=CC=CC=C%13)=O
204,BCZ-BTD-AD,"4-(acridin-10(9H)-yl)-7-(3,5-di(9H-carbazol-9-yl)phenyl)benzo[c][1,2,5]thiadiazole",C12=CC=CC=C1CC3=C(C=CC=C3)N2C4=CC=C(C5=CC(N6C(C=CC=C7)=C7C8=C6C=CC=C8)=CC(N9C(C=CC=C%10)=C%10C%11=C9C=CC=C%11)=C5)C%12=NSN=C4%12
205,(S)-NPE-AcDPS,"(S)-2,8-bis(9,9-dimethylacridin-10(9H)-yl)-10-(1-phenylethyl)-10H-phenothiazine 5,5-dioxide",CC(C1=C2C=CC=C1)(C)C3=C(C=CC=C3)N2C(C=C4)=CC5=C4S(C(C=C6)=C(N5[C@H](C7=CC=CC=C7)C)C=C6N8C9=C(C=CC=C9)C(C)(C)C%10=C8C=CC=C%10)(=O)=O
206,Trz-oIC,"11-(4-(4,6-diphenyl-1,3,5-triazin-2-yl)phenyl)-12-phenyl-11,12-dihydroindolo[2,3-a]carbazole",C1(C2=NC(C3=CC=C(N4C(C=CC=C5)=C5C6=C4C7=C(C(C=CC=C8)=C8N7C9=CC=CC=C9)C=C6)C=C3)=NC(C%10=CC=CC=C%10)=N2)=CC=CC=C1
207,Trz-mIC,"12-(4-(4,6-diphenyl-1,3,5-triazin-2-yl)phenyl)-5-phenyl-5,12-dihydroindolo[3,2-a]carbazole",C1(C2=NC(C3=CC=C(N4C(C=CC=C5)=C5C6=C4C7=C(N(C8=CC=CC=C8)C9=C7C=CC=C9)C=C6)C=C3)=NC(C%10=CC=CC=C%10)=N2)=CC=CC=C1
208,Trz-pIC,"5-(4-(4,6-diphenyl-1,3,5-triazin-2-yl)phenyl)-11-phenyl-5,11-dihydroindolo[3,2-b]carbazole",C1(C2=NC(C3=CC=C(N4C(C=CC=C5)=C5C6=C4C=C7C(N(C8=CC=CC=C8)C9=C7C=CC=C9)=C6)C=C3)=NC(C%10=CC=CC=C%10)=N2)=CC=CC=C1
209,Trz-fIC,"15-(4-(4,6-diphenyl-1,3,5-triazin-2-yl)phenyl)-15H-diindolo[2,3-b:1',2',3'-lm]carbazole",C1(C2=NC(C3=CC=C(N4C(C=CC=C5)=C5C6=C4C7=C(N8C9=CC=CC=C79)C(C%10=C8C=CC=C%10)=C6)C=C3)=NC(C%11=CC=CC=C%11)=N2)=CC=CC=C1
210,HETBu,"N,N',N''-(1,3,3a1,4,6,7,9-heptaazaphenalene-2,5,8-triyltris(benzene-4,1-diyl))tris(3,5-di-tert-butyl-N-(3,5-di-tert-butylphenyl)aniline)",CC(C)(C)C1=CC(C(C)(C)C)=CC(N(C2=CC(C(C)(C)C)=CC(C(C)(C)C)=C2)C(C=C3)=CC=C3C4=NC(N56)=NC(C7=CC=C(N(C8=CC(C(C)(C)C)=CC(C(C)(C)C)=C8)C9=CC(C(C)(C)C)=CC(C(C)(C)C)=C9)C=C7)=NC5=NC(C%10=CC=C(N(C%11=CC(C(C)(C)C)=CC(C(C)(C)C)=C%11)C%12=CC(C(C)(C)C)=CC(C(C)(C)C)=C%12)C=C%10)=NC6=N4)=C1
211,HAP-3TPA,"4,4',4''-(1,3,3a1,4,6,7,9-heptaazaphenalene-2,5,8-triyl)tris(N,N-bis(4-(tert-butyl)phenyl)aniline)",CC(C)(C)C(C=C1)=CC=C1N(C2=CC=C(C(C)(C)C)C=C2)C(C=C3)=CC=C3C4=NC(N56)=NC(C7=CC=C(N(C8=CC=C(C(C)(C)C)C=C8)C9=CC=C(C(C)(C)C)C=C9)C=C7)=NC5=NC(C%10=CC=C(N(C%11=CC=C(C(C)(C)C)C=C%11)C%12=CC=C(C(C)(C)C)C=C%12)C=C%10)=NC6=N4
212,t-DABNA,"2,12-di-tert-butyl-5,9-bis(4-(tert-butyl)phenyl)-5,9-dihydro-5,9-diaza-13b-boranaphtho[3,2,1-de]anthracene",CC(C)(C)C1=CC2=C(N(C3=CC=C(C(C)(C)C)C=C3)C4=C5B2C6=C(C=CC(C(C)(C)C)=C6)N(C7=CC=C(C(C)(C)C)C=C7)C5=CC=C4)C=C1
213,t-DAB-DPA,"2,12-di-tert-butyl-N,N,5,9-tetrakis(4-(tert-butyl)phenyl)-5,9-dihydro-5,9-diaza-13b-boranaphtho[3,2,1-de]anthracen-7-amine",CC(C)(C)C1=CC2=C(N(C3=CC=C(C(C)(C)C)C=C3)C4=C5B2C6=C(C=CC(C(C)(C)C)=C6)N(C7=CC=C(C(C)(C)C)C=C7)C5=CC(N(C8=CC=C(C(C)(C)C)C=C8)C9=CC=C(C(C)(C)C)C=C9)=C4)C=C1
214,SFAC-BP-SFAC,"bis(4-(10H-spiro[acridine-9,9'-fluoren]-10-yl)phenyl)methanone",O=C(C1=CC=C(N(C2=CC=CC=C2C34C5=C(C=CC=C5)C6=C4C=CC=C6)C7=C3C=CC=C7)C=C1)C8=CC=C(N9C%10=CC=CC=C%10C%11(C(C=CC=C%12)=C%12C%13=C%11C=CC=C%13)C%14=C9C=CC=C%14)C=C8
215,SXAC-BP-SXAC,"bis(4-(10H-spiro[acridine-9,9'-xanthen]-10-yl)phenyl)methanone",O=C(C1=CC=C(N(C2=CC=CC=C2C3(C4=C5C=CC=C4)C6=C(O5)C=CC=C6)C7=C3C=CC=C7)C=C1)C8=CC=C(N9C%10=CC=CC=C%10C(C%11=C(O%12)C=CC=C%11)(C%13=C%12C=CC=C%13)C%14=C9C=CC=C%14)C=C8
216,STAC-BP-STAC,"bis(4-(10H-spiro[acridine-9,9'-thioxanthen]-10-yl)phenyl)methanone",O=C(C1=CC=C(N(C2=CC=CC=C2C3(C4=C5C=CC=C4)C6=C(S5)C=CC=C6)C7=C3C=CC=C7)C=C1)C8=CC=C(N9C%10=CC=CC=C%10C(C%11=C(S%12)C=CC=C%11)(C%13=C%12C=CC=C%13)C%14=C9C=CC=C%14)C=C8
217,APPT-PXZ,"10-(acenaphtho[1',2':5,6]pyrazino[2,3-f][1,10]phenanthrolin-12-yl)-10H-phenoxazine",C12=C(N=C(C3=CC=CC4=C(N5C(C=CC=C6)=C6OC7=C5C=CC=C7)C=CC8=C34)C8=N9)C9=C(C=CC=N%10)C%10=C1N=CC=C2
218,APPT-BPXZ,"7-(acenaphtho[1',2':5,6]pyrazino[2,3-f][1,10]phenanthrolin-12-yl)-7H-benzo[c]phenoxazine",C12=C(N=C(C3=CC=CC4=C(N5C(C=CC=C6)=C6OC7=C5C=CC8=C7C=CC=C8)C=CC9=C34)C9=N%10)C%10=C(C=CC=N%11)C%11=C1N=CC=C2
219,DMAC-SFIP,"N-(2-(9,9-dimethylacridin-10(9H)-yl)-5-oxido-5l4-dibenzo[b,d]thiophen-5-ylidene)-P,P-diphenylphosphinic amide",O=S1(C(C=CC(N2C(C=CC=C3)=C3C(C)(C)C4=C2C=CC=C4)=C5)=C5C6=C1C=CC=C6)=NP(C7=CC=CC=C7)(C8=CC=CC=C8)=O
220,DMAC-SFIC,"N-(2-(9,9-dimethylacridin-10(9H)-yl)-5-oxido-5l4-dibenzo[b,d]thiophen-5-ylidene)benzamide",O=S1(C(C=CC(N2C(C=CC=C3)=C3C(C)(C)C4=C2C=CC=C4)=C5)=C5C6=C1C=CC=C6)=NC(C7=CC=CC=C7)=O
221,DMAC-SFIS,"N-(2-(9,9-dimethylacridin-10(9H)-yl)-5-oxido-5l4-dibenzo[b,d]thiophen-5-ylidene)benzenesulfonamide",O=S1(C(C=CC(N2C(C=CC=C3)=C3C(C)(C)C4=C2C=CC=C4)=C5)=C5C6=C1C=CC=C6)=NS(C7=CC=CC=C7)(=O)=O
222,DCz-DPPZ,"11,12-di(9H-carbazol-9-yl)dipyrido[3,2-a:2',3'-c]phenazine",C12=C(N=C(C=C(N3C(C=CC=C4)=C4C5=C3C=CC=C5)C(N6C(C=CC=C7)=C7C8=C6C=CC=C8)=C9)C9=N%10)C%10=C(C=CC=N%11)C%11=C1N=CC=C2
223,DDPhCz-DPPZ,"11,12-bis(3,6-diphenyl-9H-carbazol-9-yl)dipyrido[3,2-a:2',3'-c]phenazine",C12=C(N=C(C=C(N3C(C=CC(C4=CC=CC=C4)=C5)=C5C6=C3C=CC(C7=CC=CC=C7)=C6)C(N8C(C=CC(C9=CC=CC=C9)=C%10)=C%10C%11=C8C=CC(C%12=CC=CC=C%12)=C%11)=C%13)C%13=N%14)C%14=C(C=CC=N%15)C%15=C1N=CC=C2
224,3CP-DPS-PXZ,10-(4-((9-phenyl-9H-carbazol-3-yl)sulfonyl)phenyl)-10H-phenoxazine,O=S(C1=CC2=C(C=C1)N(C3=CC=CC=C3)C4=C2C=CC=C4)(C5=CC=C(N6C(C=CC=C7)=C7OC8=C6C=CC=C8)C=C5)=O
225,3CP-DPS-DMAC,"9,9-dimethyl-10-(4-((9-phenyl-9H-carbazol-3-yl)sulfonyl)phenyl)-9,10-dihydroacridine",O=S(C1=CC2=C(C=C1)N(C3=CC=CC=C3)C4=C2C=CC=C4)(C5=CC=C(N6C(C=CC=C7)=C7C(C)(C)C8=C6C=CC=C8)C=C5)=O
226,DTXO-PhCz4,"4,4'-(9-phenyl-9H-carbazole-3,6-diyl)bis(9H-thioxanthen-9-one 10,10-dioxide)",O=C(C(C=CC=C1C2=CC(C(C=C(C3=CC=CC(C(C4=C5C=CC=C4)=O)=C3S5(=O)=O)C=C6)=C6N7C8=CC=CC=C8)=C7C=C2)=C1S9(=O)=O)C%10=C9C=CC=C%10
227,DTXO-TPA4,"4,4'-((phenylazanediyl)bis(4,1-phenylene))bis(9H-thioxanthen-9-one 10,10-dioxide)",O=C(C(C=CC=C1C2=CC=C(N(C3=CC=CC=C3)C4=CC=C(C5=CC=CC(C(C6=C7C=CC=C6)=O)=C5S7(=O)=O)C=C4)C=C2)=C1S8(=O)=O)C9=C8C=CC=C9
228,DTXO-PhCz2,"1,1'-(9-phenyl-9H-carbazole-3,6-diyl)bis(9H-thioxanthen-9-one 10,10-dioxide)",O=C1C2=C(C=CC=C2C3=CC(C(C=C(C4=CC=CC(S(C5=C6C=CC=C5)(=O)=O)=C4C6=O)C=C7)=C7N8C9=CC=CC=C9)=C8C=C3)S(C%10=C1C=CC=C%10)(=O)=O
229,DTXO-TPA2,"1,1'-((phenylazanediyl)bis(4,1-phenylene))bis(9H-thioxanthen-9-one 10,10-dioxide)",O=C1C2=C(C=CC=C2)S(C3=C1C(C(C=C4)=CC=C4N(C5=CC=CC=C5)C(C=C6)=CC=C6C7=CC=CC8=C7C(C9=C(S8(=O)=O)C=CC=C9)=O)=CC=C3)(=O)=O
230,B-2PTZ,"10,10'-(4'-(dimesitylboraneyl)-[1,1'-biphenyl]-3,5-diyl)bis(10H-phenothiazine)",CC1=CC(C)=CC(C)=C1B(C2=CC=C(C3=CC(N4C(C=CC=C5)=C5SC6=C4C=CC=C6)=CC(N7C(C=CC=C8)=C8SC9=C7C=CC=C9)=C3)C=C2)C%10=C(C)C=C(C)C=C%10C
231,B-2PXZ,"10,10'-(5-(dimesitylboraneyl)-1,3-phenylene)bis(10H-phenoxazine)",CC1=CC(C)=CC(C)=C1B(C2=CC(N3C(C=CC=C4)=C4OC5=C3C=CC=C5)=CC(N6C(C=CC=C7)=C7OC8=C6C=CC=C8)=C2)C9=C(C)C=C(C)C=C9C
232,B-2DMAC,"10,10'-(5-(dimesitylboraneyl)-1,3-phenylene)bis(9,9-dimethyl-9,10-dihydroacridine)",CC1=CC(C)=CC(C)=C1B(C2=CC(N3C(C=CC=C4)=C4C(C)(C)C5=C3C=CC=C5)=CC(N6C(C=CC=C7)=C7C(C)(C)C8=C6C=CC=C8)=C2)C9=C(C)C=C(C)C=C9C
233,BuCz-TRZ,"3,6-di-tert-butyl-9-(4-(4,6-diphenyl-1,3,5-triazin-2-yl)phenyl)-9H-carbazole",CC(C)(C)C(C=C1)=CC2=C1N(C3=C2C=C(C(C)(C)C)C=C3)C(C=C4)=CC=C4C5=NC(C6=CC=CC=C6)=NC(C7=CC=CC=C7)=N5
234,PhBuCz-TRZ,"3,6-di-tert-butyl-9-(4-(4,6-diphenyl-1,3,5-triazin-2-yl)phenyl)-1-phenyl-9H-carbazole",CC(C)(C)C1=CC(C2=C3C=CC(C(C)(C)C)=C2)=C(C(C4=CC=CC=C4)=C1)N3C(C=C5)=CC=C5C6=NC(C7=CC=CC=C7)=NC(C8=CC=CC=C8)=N6
235,BuCz-MeTRZ,"9-(4-(4,6-diphenyl-1,3,5-triazin-2-yl)-2-methylphenyl)-3,6-diisopropyl-9H-carbazole",CC1=C(N2C(C=CC(C(C)C)=C3)=C3C4=C2C=CC(C(C)C)=C4)C=CC(C5=NC(C6=CC=CC=C6)=NC(C7=CC=CC=C7)=N5)=C1
236,PyBuCz-MeTRZ,"9-(4-(4,6-diphenyl-1,3,5-triazin-2-yl)phenyl)-3,6-diisopropyl-1-(pyridin-3-yl)-9H-carbazole",CC(C)C1=CC(C2=C3C=CC(C(C)C)=C2)=C(C(C4=CN=CC=C4)=C1)N3C(C=C5)=CC=C5C6=NC(C7=CC=CC=C7)=NC(C8=CC=CC=C8)=N6
237,CNBuCz-TRZ,"9-(4-(4,6-diphenyl-1,3,5-triazin-2-yl)phenyl)-3,6-diisopropyl-9H-carbazole-1-carbonitrile",CC(C)C1=CC(C2=C3C=CC(C(C)C)=C2)=C(C(C#N)=C1)N3C(C=C4)=CC=C4C5=NC(C6=CC=CC=C6)=NC(C7=CC=CC=C7)=N5
238,PyBuCz-MeTRZ,"9-(4-(4,6-diphenyl-1,3,5-triazin-2-yl)-2-methylphenyl)-3,6-diisopropyl-1-(pyridin-3-yl)-9H-carbazole",CC(C)C1=CC(C2=C3C=CC(C(C)C)=C2)=C(C(C4=CN=CC=C4)=C1)N3C(C(C)=C5)=CC=C5C6=NC(C7=CC=CC=C7)=NC(C8=CC=CC=C8)=N6
239,3CzPhCN-O-Cz,"2',4',6'-tris(4-(4-(9H-carbazol-9-yl)butoxy)-9H-carbazol-9-yl)-[1,1'-biphenyl]-4-carbonitrile",N#CC(C=C1)=CC=C1C2=C(N(C3=C4C=CC=C3)C5=C4C(OCCCCN6C7=C(C=CC=C7)C8=CC=CC=C86)=CC=C5)C=C(N(C9=C%10C=CC=C9)C%11=C%10C(OCCCCN%12C%13=C(C=CC=C%13)C%14=CC=CC=C%14%12)=CC=C%11)C=C2N(C%15=C%16C=CC=C%15)C%17=C%16C(OCCCCN%18C%19=C(C=CC=C%19)C%20=CC=CC=C%20%18)=CC=C%17
240,3CzPhCN-O-Cz,"4,4''-bis(4-(4-(9H-carbazol-9-yl)butoxy)-9H-carbazol-9-yl)-5'-(4-(4-(4-(9H-carbazol-9-yl)butoxy)-9H-carbazol-9-yl)phenyl)-[1,1':3',1''-terphenyl]-2'-carbonitrile",N#CC1=C(C(C=C2)=CC=C2N(C3=C4C=CC=C3)C5=C4C(OCCCCN6C7=C(C=CC=C7)C8=CC=CC=C86)=CC=C5)C=C(C(C=C9)=CC=C9N(C%10=C%11C=CC=C%10)C%12=C%11C(OCCCCN%13C%14=C(C=CC=C%14)C%15=CC=CC=C%15%13)=CC=C%12)C=C1C(C=C%16)=CC=C%16N(C%17=C%18C=CC=C%17)C%19=C%18C(OCCCCN%20C%21=C(C=CC=C%21)C%22=CC=CC=C%22%20)=CC=C%19
241,2BTPA-INN,"3,5-bis(4-(di([1,1'-biphenyl]-4-yl)amino)phenyl)isonicotinonitrile",N#CC1=C(C2=CC=C(N(C3=CC=C(C4=CC=CC=C4)C=C3)C5=CC=C(C6=CC=CC=C6)C=C5)C=C2)C=NC=C1C(C=C7)=CC=C7N(C8=CC=C(C9=CC=CC=C9)C=C8)C%10=CC=C(C%11=CC=CC=C%11)C=C%10
242,3CzCN-DV,"(3M,5P,6s)-2,4,6-tri(9H-carbazol-9-yl)-3,5-bis(4-(4-vinylbenzyl)-9H-carbazol-9-yl)benzonitrile",C=CC(C=C1)=CC=C1CC2=CC=CC3=C2C4=C(C=CC=C4)N3[C@]5=C(N6C(C=CC=C7)=C7C8=C6C=CC=C8)[C@](N9C(C=CC=C%10CC%11=CC=C(C=C)C=C%11)=C%10C%12=C9C=CC=C%12)=C([N@]%13C(C=CC=C%14)=C%14C%15=C%13C=CC=C%15)C(C#N)=C5N%16C(C=CC=C%17)=C%17C%18=C%16C=CC=C%18
243,3CzCN-O-DV,"(3M,5M,6s)-2,4,6-tri(9H-carbazol-9-yl)-3-(4-(4-(4-((4-vinylbenzyl)oxy)-9H-carbazol-9-yl)butoxy)-9H-carbazol-9-yl)-5-(4-((5-(4-((4-vinylbenzyl)oxy)-9H-carbazol-9-yl)pentyl)oxy)-9H-carbazol-9-yl)benzonitrile",C=CC(C=C1)=CC=C1COC2=CC=CC3=C2C4=C(C=CC=C4)N3CCCCOC5=CC=CC6=C5C7=C(C=CC=C7)N6[C@]8=C(N9C(C=CC=C%10)=C%10C%11=C9C=CC=C%11)[C@](N%12C(C=CC=C%13)=C%13C%14=C%12C=CC=C%14OCCCCCN%15C(C=CC=C%16)=C%16C%17=C%15C=CC=C%17OCC%18=CC=C(C=C)C=C%18)=C([N@]%19C(C=CC=C%20)=C%20C%21=C%19C=CC=C%21)C(C#N)=C8N%22C(C=CC=C%23)=C%23C%24=C%22C=CC=C%24
244,4-Ac,"2,7-di-tert-butyl-9,9-dimethyl-10-(4-(trifluoromethyl)phenyl)-9,10-dihydroacridine",CC(C)(C)C(C=C1)=CC2=C1N(C(C=CC(C(C)(C)C)=C3)=C3C2(C)C)C4=CC=C(C(F)(F)F)C=C4
245,2-Ac,"2,7-di-tert-butyl-9,9-dimethyl-10-(2-(trifluoromethyl)phenyl)-9,10-dihydroacridine",CC(C)(C)C(C=C1)=CC2=C1N(C(C=CC(C(C)(C)C)=C3)=C3C2(C)C)C4=C(C(F)(F)F)C=CC=C4
246,PhQLPXZ,"10-(2,4-diphenylquinolin-6-yl)-10H-phenoxazine",C1(C2=NC(C=CC(N3C(C=CC=C4)=C4OC5=C3C=CC=C5)=C6)=C6C(C7=CC=CC=C7)=C2)=CC=CC=C1
247,DACQ,"N3,N3,N6,N6-tetraphenyl-9-(4-(quinoxalin-2-yl)phenyl)-9H-carbazole-3,6-diamine",C1(N(C2=CC(C(C=C(N(C3=CC=CC=C3)C4=CC=CC=C4)C=C5)=C5N6C7=CC=C(C8=NC(C=CC=C9)=C9N=C8)C=C7)=C6C=C2)C%10=CC=CC=C%10)=CC=CC=C1
248,PXZQ,10-(4-(quinoxalin-2-yl)phenyl)-10H-phenoxazine,C12=CC=CC=C1N(C3=CC=C(C4=NC(C=CC=C5)=C5N=C4)C=C3)C6=C(C=CC=C6)O2
249,PXZ-ICO,3-(4-(10H-phenoxazin-10-yl)phenyl)-6-(10H-phenoxazin-10-yl)-1H-isochromen-1-one,O=C1OC(C2=CC=C(N3C(C=CC=C4)=C4OC5=C3C=CC=C5)C=C2)=CC6=C1C=CC(N7C8=C(C=CC=C8)OC9=CC=CC=C97)=C6
250,DMAC-FO,"3,6-bis(9,9-dimethylacridin-10(9H)-yl)-9H-fluoren-9-one",CC(C1=C2C=CC=C1)(C)C3=C(C=CC=C3)N2C(C=C4)=CC(C5=C6C=CC(N7C8=C(C=CC=C8)C(C)(C)C9=C7C=CC=C9)=C5)=C4C6=O
251,SPAC-FO,"3,6-di(10H-spiro[acridine-9,9'-fluoren]-10-yl)-9H-fluoren-9-one",O=C1C2=C(C=C(N3C(C=CC=C4)=C4C5(C(C=CC=C6)=C6C7=C5C=CC=C7)C8=C3C=CC=C8)C=C2)C9=C1C=CC(N%10C%11=C(C=CC=C%11)C%12(C(C=CC=C%13)=C%13C%14=C%12C=CC=C%14)C%15=C%10C=CC=C%15)=C9
252,None,"2,3,4,5,6-pentakis(4-((6-((3-ethyloxetan-3-yl)methoxy)hexyl)oxy)-9H-fluoren-9-yl)benzonitrile",CCC1(COC1)COCCCCCCOC2=CC=CC3=C2C4=C(C=CC=C4)C3C5=C(C#N)C(C6C(C=CC=C7)=C7C8=C6C=CC=C8OCCCCCCOCC9(COC9)CC)=C(C%10C(C=CC=C%11)=C%11C%12=C%10C=CC=C%12OCCCCCCOCC%13(COC%13)CC)C(C%14C(C=CC=C%15)=C%15C%16=C%14C=CC=C%16OCCCCCCOCC%17(COC%17)CC)=C5C%18C(C=CC=C%19)=C%19C%20=C%18C=CC=C%20OCCCCCCOCC%21(COC%21)CC
253,None,"2,3,4,5,6-pentakis(4-((5-(4-((6-((3-ethyloxetan-3-yl)methoxy)hexyl)oxy)-9H-fluoren-9-yl)pentyl)oxy)-9H-fluoren-9-yl)benzonitrile",CCC1(COC1)COCCCCCCOC2=CC=CC3=C2C4=C(C=CC=C4)C3CCCCCOC5=CC=CC6=C5C7=C(C=CC=C7)C6C8=C(C9C(C=CC=C%10)=C%10C%11=C9C=CC=C%11OCCCCCC%12C(C=CC=C%13)=C%13C%14=C%12C=CC=C%14OCCCCCCOCC%15(COC%15)CC)C(C%16C(C=CC=C%17)=C%17C%18=C%16C=CC=C%18OCCCCCC%19C(C=CC=C%20)=C%20C%21=C%19C=CC=C%21OCCCCCCOCC%22(COC%22)CC)=C(C%23C(C=CC=C%24)=C%24C%25=C%23C=CC=C%25OCCCCCC%26C(C=CC=C%27)=C%27C%28=C%26C=CC=C%28OCCCCCCOCC%29(COC%29)CC)C(C%30C(C=CC=C%31)=C%31C%32=C%30C=CC=C%32OCCCCCC%33C(C=CC=C%34)=C%34C%35=C%33C=CC=C%35OCCCCCCOCC%36(COC%36)CC)=C8C#N
254,A-s-TRZ,"10-(2-(4,6-diphenyl-1,3,5-triazin-2-yl)spiro[fluorene-9,9'-xanthen]-2'-yl)-9,9-dimethyl-9,10-dihydroacridine",CC(C1=C2C=CC=C1)(C)C3=C(C=CC=C3)N2C4=CC=C5C(C6(C(C=CC=C7)=C7C8=C6C=C(C9=NC(C%10=CC=CC=C%10)=NC(C%11=CC=CC=C%11)=N9)C=C8)C(C=CC=C%12)=C%12O5)=C4
255,pPhCz-QAO,"7-(4-(9H-carbazol-9-yl)phenyl)-3,11-di-tert-butyl-5,9-dimethylene-5,9-dihydroquinolino[3,2,1-de]acridine",CC(C)(C)C1=CC2=C(C=C1)N3C4=C(C(C5=C3C=CC(C(C)(C)C)=C5)=C)C=C(C6=CC=C(N(C7=C8C=CC=C7)C9=C8C=CC=C9)C=C6)C=C4C2=C
256,mPhCz-QAO,"7-(3-(9H-carbazol-9-yl)phenyl)-3,11-di-tert-butyl-5,9-dimethylene-5,9-dihydroquinolino[3,2,1-de]acridine",CC(C)(C)C1=CC2=C(C=C1)N3C4=C(C(C5=C3C=CC(C(C)(C)C)=C5)=C)C=C(C6=CC(N(C7=C8C=CC=C7)C9=C8C=CC=C9)=CC=C6)C=C4C2=C
257,PH-TPA,"12-(4-(bis(4-(tert-butyl)phenyl)amino)phenyl)-3,6-bis(3,5-dimethylphenyl)dipyrido[3,2-a:2',3'-c]phenazine-11-carbonitrile",CC1=CC(C(C=C2)=NC3=C2C4=NC5=CC(C(C=C6)=CC=C6N(C7=CC=C(C(C)(C)C)C=C7)C8=CC=C(C(C)(C)C)C=C8)=C(C#N)C=C5N=C4C9=C3N=C(C%10=CC(C)=CC(C)=C%10)C=C9)=CC(C)=C1
258,BZ-TPA,"3,6-bis(benzo[c][1,2,5]thiadiazol-4-yl)-12-(4-(bis(4-(tert-butyl)phenyl)amino)phenyl)dipyrido[3,2-a:2',3'-c]phenazine-11-carbonitrile",CC(C)(C)C(C=C1)=CC=C1N(C2=CC=C(C3=C(C#N)C=C(N=C(C(C=CC(C4=CC=CC5=NSN=C45)=N6)=C6C7=C8C=CC(C9=CC=CC%10=NSN=C%109)=N7)C8=N%11)C%11=C3)C=C2)C%12=CC=C(C(C)(C)C)C=C%12
259,PO-TPA,"12-(4-(bis(4-(tert-butyl)phenyl)amino)phenyl)-3,6-bis(diphenylphosphoryl)dipyrido[3,2-a:2',3'-c]phenazine-11-carbonitrile",CC(C)(C)C(C=C1)=CC=C1N(C2=CC=C(C3=C(C#N)C=C(N=C(C(C=CC(P(C4=CC=CC=C4)(C5=CC=CC=C5)=O)=N6)=C6C7=C8C=CC(P(C9=CC=CC=C9)(C%10=CC=CC=C%10)=O)=N7)C8=N%11)C%11=C3)C=C2)C%12=CC=C(C(C)(C)C)C=C%12
260,trans-IQD-TPA,"6-(3,5-di-tert-butylphenyl)-8-(4-(diphenylamino)phenyl)-6H-indolo[2,3-b]quinoxaline-2,3-dicarbonitrile",CC(C)(C)C1=CC(N2C3=C(N=C(C=C(C#N)C(C#N)=C4)C4=N3)C(C2=C5)=CC=C5C(C=C6)=CC=C6N(C7=CC=CC=C7)C8=CC=CC=C8)=CC(C(C)(C)C)=C1
261,trans-IQD-BPPA,"8-(4-(di([1,1'-biphenyl]-4-yl)amino)phenyl)-6-(3,5-di-tert-butylphenyl)-6H-indolo[2,3-b]quinoxaline-2,3-dicarbonitrile",CC(C)(C)C1=CC(N2C3=C(N=C(C=C(C#N)C(C#N)=C4)C4=N3)C(C2=C5)=CC=C5C(C=C6)=CC=C6N(C7=CC=C(C8=CC=CC=C8)C=C7)C9=CC=C(C%10=CC=CC=C%10)C=C9)=CC(C(C)(C)C)=C1
262,cis-IQD-TPA,"6-(3,5-di-tert-butylphenyl)-10-(4-(diphenylamino)phenyl)-6H-indolo[2,3-b]quinoxaline-2,3-dicarbonitrile",CC(C)(C)C1=CC(N2C3=C(N=C(C=C(C#N)C(C#N)=C4)C4=N3)C5=C(C6=CC=C(N(C7=CC=CC=C7)C8=CC=CC=C8)C=C6)C=CC=C52)=CC(C(C)(C)C)=C1
263,cis-IQD-BPPA,"10-(4-(di([1,1'-biphenyl]-4-yl)amino)phenyl)-6-(3,5-di-tert-butylphenyl)-6H-indolo[2,3-b]quinoxaline-2,3-dicarbonitrile",CC(C)(C)C1=CC(N2C3=C(N=C(C=C(C#N)C(C#N)=C4)C4=N3)C5=C(C6=CC=C(N(C7=CC=C(C8=CC=CC=C8)C=C7)C9=CC=C(C%10=CC=CC=C%10)C=C9)C=C6)C=CC=C52)=CC(C(C)(C)C)=C1
264,CzeCzS,9-(4-((4-(9H-carbazol-9-yl)phenyl)sulfonyl)phenyl)-3-ethyl-9H-carbazole,O=S(C(C=C1)=CC=C1N2C3=C(C=CC=C3)C4=C2C=CC=C4)(C5=CC=C(N6C(C=CC(CC)=C7)=C7C8=C6C=CC=C8)C=C5)=O
265,eCz2S,"9,9'-(sulfonylbis(4,1-phenylene))bis(3-ethyl-9H-carbazole)",O=S(C(C=C1)=CC=C1N2C3=C(C=C(CC)C=C3)C4=C2C=CC=C4)(C5=CC=C(N6C(C=CC(CC)=C7)=C7C8=C6C=CC=C8)C=C5)=O
266,CzeCzM,(4-(9H-carbazol-9-yl)phenyl)(4-(3-ethyl-9H-carbazol-9-yl)phenyl)methanone,O=C(C1=CC=C(N2C(C=CC(CC)=C3)=C3C4=C2C=CC=C4)C=C1)C(C=C5)=CC=C5N6C7=C(C=CC=C7)C8=C6C=CC=C8
267,eCz2M,bis(4-(3-ethyl-9H-carbazol-9-yl)phenyl)methanone,O=C(C1=CC=C(N2C(C=CC(CC)=C3)=C3C4=C2C=CC=C4)C=C1)C(C=C5)=CC=C5N6C7=C(C=C(CC)C=C7)C8=C6C=CC=C8
268,P-CQA,"12,12'-((7,14-dioxo-7,14-dihydroquinolino[2,3-b]acridine-5,12-diyl)bis(hexane-6,1-diyl))bis(5-(6-bromohexyl)-5,12-dihydroquinolino[2,3-b]acridine-7,14-dione)",O=C(C1=C2C=CC=C1)C3=C(C=C(C(C(C=CC=C4)=C4N5CCCCCCN6C(C=C(C(C(C=CC=C7)=C7N8CCCCCCBr)=O)C8=C9)=C9C(C%10=C6C=CC=C%10)=O)=O)C5=C3)N2CCCCCCN%11C%12=C(C=CC=C%12)C(C(C%11=C%13)=CC%14=C%13C(C%15=C(N%14CCCCCCBr)C=CC=C%15)=O)=O
269,P-CZ-BPF-DFBP,4-((7-(4-(9-(4-((8-((9H-carbazol-4-yl)oxy)octyl)oxy)phenyl)-9H-fluoren-9-yl)phenoxy)heptyl)oxy)-9-(4-((4-fluorophenyl)sulfonyl)benzyl)-9H-carbazole,O=S(C(C=C1)=CC=C1CN(C2=C3C=CC=C2)C4=C3C(OCCCCCCCOC(C=C5)=CC=C5C6(C7=C(C=CC=C7)C8=C6C=CC=C8)C(C=C9)=CC=C9OCCCCCCCCOC%10=CC=CC%11=C%10C%12=C(N%11[H])C=CC=C%12)=CC=C4)(C%13=CC=C(F)C=C%13)=O
270,P-CQA-BPF-DFBP,"5-(7-(4-methoxy-9H-carbazol-9-yl)heptyl)-12-(7-(4-((8-(4-(9-(4-((7-((9-(4-((4-(4-methoxy-9H-carbazol-9-yl)phenyl)sulfonyl)phenyl)-9H-carbazol-4-yl)oxy)heptyl)oxy)phenyl)-9H-fluoren-9-yl)phenoxy)octyl)oxy)-9H-carbazol-9-yl)heptyl)-5,12-dihydroquinolino[2,3-b]acridine-7,14-dione",O=S(C1=CC=C(N(C2=C3C=CC=C2)C4=C3C(OCCCCCCCOC(C=C5)=CC=C5C6(C7=C(C=CC=C7)C8=C6C=CC=C8)C(C=C9)=CC=C9OCCCCCCCCOC%10=CC=CC%11=C%10C%12=C(N%11CCCCCCCN(C%13=C%14C=CC=C%13)C%15=CC(C(C%16=C(N%17CCCCCCCN%18C(C=CC=C%19)=C%19C%20=C%18C=CC=C%20OC)C=CC=C%16)=O)=C%17C=C%15C%14=O)C=CC=C%12)=CC=C4)C=C1)(C%21=CC=C(N%22C(C=CC=C%23OC)=C%23C%24=C%22C=CC=C%24)C=C%21)=O
271,RB91,"9,9'-(1,8-naphthyridine-2,7-diyl)bis(N,N-diphenyl-9H-carbazol-3-amine)",C1(N(C2=CC(C(C=CC=C3)=C3N4C5=NC(N=C(N6C(C=CC=C7)=C7C8=C6C=CC(N(C9=CC=CC=C9)C%10=CC=CC=C%10)=C8)C=C%11)=C%11C=C5)=C4C=C2)C%12=CC=CC=C%12)=CC=CC=C1
272,RB92,(4-(3-(diphenylamino)-9H-carbazol-9-yl)phenyl)(phenyl)methanone,O=C(C1=CC=CC=C1)C2=CC=C(N3C(C=CC=C4)=C4C5=C3C=CC(N(C6=CC=CC=C6)C7=CC=CC=C7)=C5)C=C2
273,RB93,"3,5-bis(3-(diphenylamino)-9H-carbazol-9-yl)benzonitrile",N#CC1=CC(N2C3=C(C=CC=C3)C4=C2C=CC(N(C5=CC=CC=C5)C6=CC=CC=C6)=C4)=CC(N7C(C=CC=C8)=C8C9=C7C=CC(N(C%10=CC=CC=C%10)C%11=CC=CC=C%11)=C9)=C1
274,BO-BCz,"9-(5,9-dioxa-13b-boranaphtho[3,2,1-de]anthracen-7-yl)-9H-3,9'-bicarbazole",C1(B(C(C=CC=C2)=C2O3)C(C3=CC(N4C(C=CC=C5)=C5C6=C4C=CC(N7C(C=CC=C8)=C8C9=C7C=CC=C9)=C6)=C%10)=C%10O%11)=C%11C=CC=C1
275,BO-BCzPh,"9-(5,9-dioxa-13b-boranaphtho[3,2,1-de]anthracen-7-yl)-9'-phenyl-9H,9'H-3,3'-bicarbazole",C1(B(C(C=CC=C2)=C2O3)C(C3=CC(N4C(C=CC=C5)=C5C6=C4C=CC(C7=CC(C(C=CC=C8)=C8N9C%10=CC=CC=C%10)=C9C=C7)=C6)=C%11)=C%11O%12)=C%12C=CC=C1
276,CzDPA-5Py2CN,"5-(3,6-bis(diphenylamino)-9H-carbazol-9-yl)picolinonitrile",N#CC1=NC=C(N2C(C=CC(N(C3=CC=CC=C3)C4=CC=CC=C4)=C5)=C5C6=C2C=CC(N(C7=CC=CC=C7)C8=CC=CC=C8)=C6)C=C1
277,CzDPA-2Py4CN,"2-(3,6-bis(diphenylamino)-9H-carbazol-9-yl)isonicotinonitrile",N#CC1=CC=NC(N2C(C=CC(N(C3=CC=CC=C3)C4=CC=CC=C4)=C5)=C5C6=C2C=CC(N(C7=CC=CC=C7)C8=CC=CC=C8)=C6)=C1
278,PY-TPA,"11-(4-(bis(4-(tert-butyl)phenyl)amino)phenyl)-12-(pyridin-3-yl)dibenzo[a,c]phenazine-3,6-dicarbonitrile",CC(C)(C)C1=CC=C(N(C2=CC=C(C(C)(C)C)C=C2)C3=CC=C(C4=C(C5=CC=CN=C5)C=C(N=C(C(C=CC(C#N)=C6)=C6C7=C8C=CC(C#N)=C7)C8=N9)C9=C4)C=C3)C=C1
279,CF3-TPA,"11-(4-(bis(4-(tert-butyl)phenyl)amino)phenyl)-12-(trifluoromethyl)dibenzo[a,c]phenazine-3,6-dicarbonitrile",CC(C)(C)C1=CC=C(N(C2=CC=C(C(C)(C)C)C=C2)C3=CC=C(C4=C(C(F)(F)F)C=C(N=C(C(C=CC(C#N)=C5)=C5C6=C7C=CC(C#N)=C6)C7=N8)C8=C4)C=C3)C=C1
280,CN-TPA,"12-(4-(bis(4-(tert-butyl)phenyl)amino)phenyl)dibenzo[a,c]phenazine-3,6,11-tricarbonitrile",CC(C)(C)C1=CC=C(N(C2=CC=C(C(C)(C)C)C=C2)C3=CC=C(C4=C(C#N)C=C(N=C(C(C=CC(C#N)=C5)=C5C6=C7C=CC(C#N)=C6)C7=N8)C8=C4)C=C3)C=C1
281,2TPA-QX-2TE,"4,4'-(2,3-bis(4-(thianthren-1-yl)phenyl)quinoxaline-6,7-diyl)bis(N,N-diphenylaniline)",C1(N(C2=CC=C(C3=CC(N=C(C4=CC=C(C5=C(SC(C=CC=C6)=C6S7)C7=CC=C5)C=C4)C(C8=CC=C(C9=CC=CC%10=C9SC%11=C(C=CC=C%11)S%10)C=C8)=N%12)=C%12C=C3C%13=CC=C(N(C%14=CC=CC=C%14)C%15=CC=CC=C%15)C=C%13)C=C2)C%16=CC=CC=C%16)=CC=CC=C1
282,4TPA-QX,"4,4',4'',4'''-(quinoxaline-2,3,6,7-tetrayl)tetrakis(N,N-diphenylaniline)",C1(N(C2=CC=C(C3=CC(N=C(C4=CC=C(N(C5=CC=CC=C5)C6=CC=CC=C6)C=C4)C(C7=CC=C(N(C8=CC=CC=C8)C9=CC=CC=C9)C=C7)=N%10)=C%10C=C3C%11=CC=C(N(C%12=CC=CC=C%12)C%13=CC=CC=C%13)C=C%11)C=C2)C%14=CC=CC=C%14)=CC=CC=C1
283,2TPA-QX-2TPA2TE,"4,4'-(2,3-bis(4-(bis(4-(thianthren-1-yl)phenyl)amino)phenyl)quinoxaline-6,7-diyl)bis(N,N-diphenylaniline)",C1(N(C2=CC=C(C3=CC(N=C(C4=CC=C(N(C5=CC=C(C6=CC=CC7=C6SC8=C(C=CC=C8)S7)C=C5)C9=CC=C(C%10=C(SC(C=CC=C%11)=C%11S%12)C%12=CC=C%10)C=C9)C=C4)C(C%13=CC=C(N(C%14=CC=C(C%15=C(SC(C=CC=C%16)=C%16S%17)C%17=CC=C%15)C=C%14)C%18=CC=C(C%19=CC=CC%20=C%19SC%21=C(C=CC=C%21)S%20)C=C%18)C=C%13)=N%22)=C%22C=C3C%23=CC=C(N(C%24=CC=CC=C%24)C%25=CC=CC=C%25)C=C%23)C=C2)C%26=CC=CC=C%26)=CC=CC=C1
284,AI-DPA,"2-(3,5-bis(trifluoromethyl)phenyl)-5-(diphenylamino)isoindoline-1,3-dione",FC(F)(F)C1=CC(N(C2=O)C(C(C2=C3)=CC=C3N(C4=CC=CC=C4)C5=CC=CC=C5)=O)=CC(C(F)(F)F)=C1
285,AI-mDPA,"5-(bis(4-(2-phenylpropan-2-yl)phenyl)amino)-2-(3,5-bis(trifluoromethyl)phenyl)isoindoline-1,3-dione",FC(F)(F)C1=CC(N(C2=O)C(C(C2=C3)=CC=C3N(C4=CC=C(C(C)(C)C5=CC=CC=C5)C=C4)C6=CC=C(C(C7=CC=CC=C7)(C)C)C=C6)=O)=CC(C(F)(F)F)=C1
286,tPh-NICz,"11-(4-(tert-butyl)phenyl)-5-phenylpyrimido[4',5':4,5]pyrrolo[3,2,1-jk]carbazole",CC(C)(C1=CC=C(C2=NC=C(N3C4=C5C=CC=C4C6=C3C=CC(C7=CC=CC=C7)=C6)C5=N2)C=C1)C
287,OEt-NICz,"11-ethoxy-2,5-diphenylpyrimido[4',5':4,5]pyrrolo[3,2,1-jk]carbazole",CCOC1=NC=C(N2C3=C4C=C(C5=CC=CC=C5)C=C3C6=C2C=CC(C7=CC=CC=C7)=C6)C4=N1
288,SMe-NICz,"11-(ethylthio)-2,5-diphenylpyrimido[4',5':4,5]pyrrolo[3,2,1-jk]carbazole",CCSC1=NC=C(N2C3=C4C=C(C5=CC=CC=C5)C=C3C6=C2C=CC(C7=CC=CC=C7)=C6)C4=N1
289,PhCz-NICz,"2,5-bis(4-(9H-carbazol-9-yl)phenyl)-11-(4-(tert-butyl)phenyl)pyrimido[4',5':4,5]pyrrolo[3,2,1-jk]carbazole",CC(C)(C)C(C=C1)=CC=C1C2=NC=C(N3C4=C5C=C(C6=CC=C(N7C(C=CC=C8)=C8C9=C7C=CC=C9)C=C6)C=C4C%10=C3C=CC(C%11=CC=C(N%12C(C=CC=C%13)=C%13C%14=C%12C=CC=C%14)C=C%11)=C%10)C5=N2
290,tCz-NICz,"11-(4-(tert-butyl)phenyl)-2,5-bis(4-(3,6-di-tert-butyl-9H-carbazol-9-yl)phenyl)pyrimido[4',5':4,5]pyrrolo[3,2,1-jk]carbazole",CC(C)(C)C(C=C1)=CC=C1C2=NC=C(N3C4=C5C=C(C6=CC=C(N7C(C=CC(C(C)(C)C)=C8)=C8C9=C7C=CC(C(C)(C)C)=C9)C=C6)C=C4C%10=C3C=CC(C%11=CC=C(N%12C(C=CC(C(C)(C)C)=C%13)=C%13C%14=C%12C=CC(C(C)(C)C)=C%14)C=C%11)=C%10)C5=N2
291,mBZT-BNO,"9-mesityl-2,7-dimethyl-5a1,8a-dihydro-9H-5-oxa-15-thia-9-aza-16b-boraindeno[1,2-b]naphtho[1,2,3-fg]anthracene",CC1=CC2=C(C=C1)OC3=CC(C)=CC(C3B42)N(C5=C(C)C=C(C)C=C5C)C(C4=C6)=CC7=C6SC8=C7C=CC=C8
292,MES-BNO,"9-mesityl-2,7-dimethyl-9H-5-oxa-9-aza-13b-boranaphtho[3,2,1-de]anthracene",CC1=CC2=C(C=C1)OC3=CC(C)=CC4=C3B2C5=CC=CC=C5N4C6=C(C)C=C(C)C=C6C
293,pBZT-BNO,"9-mesityl-2,7-dimethyl-5a1,8a-dihydro-9H-5-oxa-11-thia-9-aza-16b-boraindeno[2,1-b]naphtho[1,2,3-fg]anthracene",CC1=CC2=C(C=C1)OC3=CC(C)=CC4N(C5=C(C)C=C(C)C=C5C)C6=CC7=C(C(C=CC=C8)=C8S7)C=C6B2C43
294,BT–HIC–XT,"3-(7-(dibenzo[b,d]thiophen-3-yl)indolo[2,3-b]carbazol-5(7H)-yl)-9H-xanthen-9-one",O=C1C2=C(C=CC=C2)OC3=C1C=CC(N4C5=C(C=CC=C5)C(C4=C6)=CC7=C6N(C8=C7C=CC=C8)C9=CC%10=C(C=C9)C%11=CC=CC=C%11S%10)=C3
295,PC–HIC–XT,"3-(7-(9-phenyl-9H-carbazol-2-yl)indolo[2,3-b]carbazol-5(7H)-yl)-9H-xanthen-9-one",O=C1C2=C(C=CC=C2)OC3=C1C=CC(N4C5=C(C=CC=C5)C(C4=C6)=CC7=C6N(C8=C7C=CC=C8)C9=CC%10=C(C=C9)C%11=CC=CC=C%11N%10C%12=CC=CC=C%12)=C3
296,BOP-HICXT,"3-(7-(benzo[5,6][1,4]oxazino[2,3,4-kl]phenoxazin-7-yl)indolo[2,3-b]carbazol-5(7H)-yl)-9H-xanthen-9-one",O=C1C2=C(C=CC=C2)OC3=C1C=CC(N4C5=C(C=CC=C5)C(C4=C6)=CC7=C6N(C8=C7C=CC=C8)C9=CC(OC(C=CC=C%10)=C%10N%11C(C=CC=C%12)=C%12O%13)=C%11C%13=C9)=C3
297,tBuICzCz,"2,11-di-tert-butyl-5-(3,6-di-tert-butyl-9H-carbazol-9-yl)indolo[3,2,1-jk]carbazole",CC(C)(C)C1=CC=C(N2C3=C4C=C(C(C)(C)C)C=C3C5=C2C=CC(N6C(C=CC(C(C)(C)C)=C7)=C7C8=C6C=CC(C(C)(C)C)=C8)=C5)C4=C1
298,PhICzCz,"2,11-di-tert-butyl-5-(3,6-di-tert-butyl-9H-carbazol-9-yl)indolo[3,2,1-jk]carbazole",C12=CC(C3=CC=CC=C3)=CC=C1N4C5=C2C=C(C6=CC=CC=C6)C=C5C7=C4C=CC(N8C(C=CC(C9=CC=CC=C9)=C%10)=C%10C%11=C8C=CC(C%12=CC=CC=C%12)=C%11)=C7
299,CzCzPh,"9-phenyl-9H-3,9'-bicarbazole",C1(C(C=CC=C2)=C2N3C4=CC(C(C=CC=C5)=C5N6C7=CC=CC=C7)=C6C=C4)=C3C=CC=C1
300,AdCzCzPhAd,"3'-((3r,5r,7r)-adamantan-1-yl)-9-(3-((1R,3s)-adamantan-1-yl)phenyl)-9H-3,9'-bicarbazole",C1([C@@]2(C[C@@H]3C4)C[C@H](C3)C[C@H]4C2)=CC(C(C=CC=C5)=C5N6C7=CC(C(C=CC=C8)=C8N9C%10=CC([C@]%11(CC%12C%13)C[C@H](C%12)CC%13C%11)=CC=C%10)=C9C=C7)=C6C=C1
301,DPS-2CzTE,"9,9'-(sulfonylbis(4,1-phenylene))bis(3-(thianthren-1-yl)-9H-carbazole)",O=S(C(C=C1)=CC=C1N2C3=C(C=C(C4=CC=CC5=C4SC6=C(C=CC=C6)S5)C=C3)C7=C2C=CC=C7)(C8=CC=C(N9C(C=CC(C%10=C(SC(C=CC=C%11)=C%11S%12)C%12=CC=C%10)=C%13)=C%13C%14=C9C=CC=C%14)C=C8)=O
302,DPS-2Cz2TE,"9,9'-(sulfonylbis(4,1-phenylene))bis(3,6-di(thianthren-1-yl)-9H-carbazole)",O=S(C(C=C1)=CC=C1N2C3=C(C=C(C4=CC=CC5=C4SC6=C(C=CC=C6)S5)C=C3)C7=C2C=CC(C8=C(SC(C=CC=C9)=C9S%10)C%10=CC=C8)=C7)(C%11=CC=C(N%12C(C=CC(C%13=C(SC(C=CC=C%14)=C%14S%15)C%15=CC=C%13)=C%16)=C%16C%17=C%12C=CC(C%18=CC=CC%19=C%18SC%20=C(C=CC=C%20)S%19)=C%17)C=C%11)=O
303,DtBuCzB,None,CC(C)(C)C1=CC2=C(C3=C1)N(CC4B2C5=CC(C(C)(C)C)=CC6=C5N(C7=C6C=C(C(C)(C)C)C=C7)C4)C8=C3C=C(C(C)(C)C)C=C8
304,DtBuCzB-p-tBuPh,None,CC(C)(C)C1=CC2=C(C3=C1)N(C4=C5B2C6=CC(C(C)(C)C)=CC7=C6N(C8=C7C=C(C(C)(C)C)C=C8)C5=CC(C9=CC=C(C(C)(C)C)C=C9)=C4)C%10=C3C=C(C(C)(C)C)C=C%10
305,BTD-PXZ-F,"10-(6-fluorobenzo[c][1,2,5]thiadiazol-5-yl)-10H-phenoxazine",FC1=CC2=NSN=C2C=C1N3C4=C(C=CC=C4)OC5=CC=CC=C53
306,BTD-PXZ-Cz,"10-(6-(9H-carbazol-9-yl)benzo[c][1,2,5]thiadiazol-5-yl)-10H-phenoxazine",C12=CC=CC=C1N(C3=CC4=NSN=C4C=C3N5C(C=CC=C6)=C6C7=C5C=CC=C7)C8=C(C=CC=C8)O2
307,tBuICzBN-Ph,None,CC(C)(C)C1=CC2=C3C(B4C(C(N3C5=C2C=C(C(C)(C)C)C=C5)=CC(C6=CC=C(C(C)(C)C)C=C6)=C7)=C7N8C9=C(C=CC=C9)C%10=C8C4=CC(N%11C%12=CC=CC=C%12)=C%10C%13=C%11C=CC=C%13)=C1
308,tBuICzBN-CN,None,CC(C)(C)C1=CC2=C3C(B4C(C(N3C5=C2C=C(C(C)(C)C)C=C5)=CC(C6=CC=C(C#N)C=C6)=C7)=C7N8C9=C(C=CC=C9)C%10=C8C4=CC(N%11C%12=CC=CC=C%12)=C%10C%13=C%11C=CC=C%13)=C1
309,tBuICzBN-Q,None,CC(C)(C)C1=CC2=C3C(B4C(C(N3C5=C2C=C(C(C)(C)C)C=C5)=CC(C6=CC=C(C=CC=C7)C7=N6)=C8)=C8N9C%10=C(C=CC=C%10)C%11=C9C4=CC(N%12C%13=CC=CC=C%13)=C%11C%14=C%12C=CC=C%14)=C1
310,tBuICzBN-DPPM,None,CC(C)(C)C1=CC2=C3C(B4C(C(N3C5=C2C=C(C(C)(C)C)C=C5)=CC(C6=NC(C7=CC=CC=C7)=CC(C8=CC=CC=C8)=N6)=C9)=C9N%10C%11=C(C=CC=C%11)C%12=C%10C4=CC(N%13C%14=CC=CC=C%14)=C%12C%15=C%13C=CC=C%15)=C1
311,Ph-ICz-2DPT,"5,11-bis(4-(4,6-dimesityl-1,3,5-triazin-2-yl)phenyl)-5,11-dihydroindolo[3,2-b]carbazole",CC(C=C(C)C=C1C)=C1C2=NC(C(C=C3)=CC=C3N(C4=C5C=CC=C4)C(C5=C6)=CC7=C6N(C8=C7C=CC=C8)C(C=C9)=CC=C9C%10=NC(C%11=C(C)C=C(C)C=C%11C)=NC(C%12=C(C)C=C(C)C=C%12C)=N%10)=NC(C%13=C(C)C=C(C)C=C%13C)=N2
312,ICz-2DPT,"5-(4-(4,6-dimesityl-1,3,5-triazin-2-yl)phenyl)-11-phenyl-5,11-dihydroindolo[3,2-b]carbazole",CC1=CC(C)=CC(C)=C1C2=NC(C3=C(C)C=C(C)C=C3C)=NC(C4=CC=C(N5C(C=CC=C6)=C6C7=C5C=C8C(N(C9=CC=CC=C9)C%10=C8C=CC=C%10)=C7)C=C4)=N2
313,tICz-2DPT,"2,9-di-tert-butyl-5,11-bis(4-(4,6-dimesityl-1,3,5-triazin-2-yl)phenyl)-5,11-dihydroindolo[3,2-b]carbazole",CC(C=C(C)C=C1C)=C1C2=NC(C(C=C3)=CC=C3N(C4=C5C=CC(C(C)(C)C)=C4)C(C5=C6)=CC7=C6N(C8=C7C=C(C(C)(C)C)C=C8)C(C=C9)=CC=C9C%10=NC(C%11=C(C)C=C(C)C=C%11C)=NC(C%12=C(C)C=C(C)C=C%12C)=N%10)=NC(C%13=C(C)C=C(C)C=C%13C)=N2
314,PTCP,"(4-(10H-phenothiazin-10-yl)phenyl)(4-(3,5-diphenyl-9H-carbazol-9-yl)phenyl)methanone",O=C(C1=CC=C(N2C(C=CC=C3)=C3SC4=C2C=CC=C4)C=C1)C(C=C5)=CC=C5N6C7=C(C=C(C8=CC=CC=C8)C=C7)C(C6=CC=C9)=C9C%10=CC=CC=C%10
315,PTC-HDA,"2,2'-((9-(4-(4-(10H-phenothiazin-10-yl)benzoyl)phenyl)-9H-carbazole-3,5-diyl)bis(4,1-phenylene))bis(hexahydro-1H-isoindole-1,3(2H)-dione)",O=C(C1=CC=C(N2C(C=CC=C3)=C3SC4=C2C=CC=C4)C=C1)C(C=C5)=CC=C5N6C7=C(C=C(C8=CC=C(N9C(C(CCCC%10)C%10C9=O)=O)C=C8)C=C7)C(C6=CC=C%11)=C%11C%12=CC=C(N%13C(C(CCCC%14)C%14C%13=O)=O)C=C%12
316,eCzBCz,11-(9-ethyl-9H-carbazol-3-yl)-11H-benzo[a]carbazole,CCN1C2=C(C=C(N3C(C(C=CC=C4)=C4C=C5)=C5C6=C3C=CC=C6)C=C2)C7=CC=CC=C71
317,bCzBCz,11-(9-butyl-9H-carbazol-3-yl)-11H-benzo[a]carbazole,CCCCN1C2=C(C=C(N3C(C(C=CC=C4)=C4C=C5)=C5C6=C3C=CC=C6)C=C2)C7=CC=CC=C71
318,PTZPDO,"(Z)-3-(4'-(10H-phenothiazin-10-yl)-[1,1'-biphenyl]-4-yl)-1-(4-(10H-phenothiazin-10-yl)phenyl)-3-hydroxyprop-2-en-1-one",O=C(/C=C(O)/C1=CC=C(C2=CC=C(N3C(C=CC=C4)=C4SC5=C3C=CC=C5)C=C2)C=C1)C(C=C6)=CC=C6N(C(C=CC=C7)=C7S8)C9=C8C=CC=C9
319,PSeZPDO,"(Z)-3-(4'-(10H-phenoselenazin-10-yl)-[1,1'-biphenyl]-4-yl)-1-(4-(10H-phenoselenazin-10-yl)phenyl)-3-hydroxyprop-2-en-1-one",O=C(/C=C(O)/C1=CC=C(C2=CC=C(N3C(C=CC=C4)=C4[Se]C5=C3C=CC=C5)C=C2)C=C1)C(C=C6)=CC=C6N(C(C=CC=C7)=C7[Se]8)C9=C8C=CC=C9
320,PCP-tPh-DBNO,None,CC(C)(C)C1=CC=C(N2C(C=CC=C3OC4=C5C(CC6)=C7C(B(C(C=C(C(C)(C)C)C=C8)=C8N9C%10=CC=C(C(C)(C)C)C=C%10)C(C9=CC=C%11)=C%11O7)=C4CCC%12=CC=C6C=C%12)=C3B5C%13=C2C=CC=C%13)C=C1
321,OBADC-BBPA,"7-(4-(di([1,1'-biphenyl]-4-yl)amino)phenyl)-1-oxo-3a,3a1-dihydro-1H-benzo[de]anthracene-2,3-dicarbonitrile",O=C(C(C#N)=C1C#N)C2=C3C(C=CC=C3)=C(C4=CC=C(N(C5=CC=C(C6=CC=CC=C6)C=C5)C7=CC=C(C8=CC=CC=C8)C=C7)C=C4)C9=CC=CC1C92
322,BN-Per -20,"octahydro-1H,4H,7H,10H-1,3,3a1,4,6,6b,8,9a,11,12a-decaaza-2,3a,5,6a,6b1,7,9,10,12,12b-decaboraperylene",B1(NBN2)NBNB3N1B2N4B5N3BNBN5BNB4
323,DTRZ-tBuCz,"9,9'-(4,4''-bis(4,6-diphenyl-1,3,5-triazin-2-yl)-[1,1':3',1''-terphenyl]-4',6'-diyl)bis(3,6-di-tert-butyl-9H-carbazole)",CC(C)(C)C(C=C1)=CC2=C1N(C3=C2C=C(C(C)(C)C)C=C3)C(C(C4=CC=C(C5=NC(C6=CC=CC=C6)=NC(C7=CC=CC=C7)=N5)C=C4)=C8)=CC(N9C(C=CC(C(C)(C)C)=C%10)=C%10C%11=C9C=CC(C(C)(C)C)=C%11)=C8C(C=C%12)=CC=C%12C%13=NC(C%14=CC=CC=C%14)=NC(C%15=CC=CC=C%15)=N%13
324,DFBN-tBuCz,"4',6'-bis(3,6-di-tert-butyl-9H-carbazol-9-yl)-3,3'',5,5''-tetrafluoro-[1,1':3',1''-terphenyl]-4,4''-dicarbonitrile",CC(C)(C)C(C=C1)=CC2=C1N(C3=C2C=C(C(C)(C)C)C=C3)C(C(C4=CC(F)=C(C#N)C(F)=C4)=C5)=CC(N6C(C=CC(C(C)(C)C)=C7)=C7C8=C6C=CC(C(C)(C)C)=C8)=C5C9=CC(F)=C(C#N)C(F)=C9
325,YCIT14,"3-(2-(4,6-diphenyl-1,3,5-triazin-2-yl)phenyl)-9-phenyl-9H-carbazole",C1(N2C(C=CC=C3)=C3C4=C2C=CC(C5=CC=CC=C5C6=NC(C7=CC=CC=C7)=NC(C8=CC=CC=C8)=N6)=C4)=CC=CC=C1
326,YCIT15,"3-(4'-(4,6-diphenyl-1,3,5-triazin-2-yl)-[1,1'-biphenyl]-2-yl)-9-phenyl-9H-carbazole",C1(N2C(C=CC=C3)=C3C4=C2C=CC(C5=CC=CC=C5C6=CC=C(C7=NC(C8=CC=CC=C8)=NC(C9=CC=CC=C9)=N7)C=C6)=C4)=CC=CC=C1
327,TRZSEID,"2-(4b,9b-dihydro-10H-benzo[4,5]selenopheno[3,2-b]indol-10-yl)-5-(4,6-diphenyl-1,3,5-triazin-2-yl)benzonitrile",N#CC1=CC(C2=NC(C3=CC=CC=C3)=NC(C4=CC=CC=C4)=N2)=CC=C1N5C(C=CC=C6)=C6C7C5C8=C(C=CC=C8)[Se]7
328,CNTRZSEID,"10-(4-(4,6-diphenyl-1,3,5-triazin-2-yl)phenyl)-4b,9b-dihydro-10H-benzo[4,5]selenopheno[3,2-b]indole",N#CC1=CC(C2=NC(C3=CC=CC=C3)=NC(C4=CC=CC=C4)=N2)=CC=C1N5C(C=CC=C6)=C6C7C5C8=C(C=CC=C8)[Se]7
329,PSeZBN1,None,CC(C(C=C1C2=C3C=CC(C(C)(C)C)=C2)=CC4=C1N3C5=C6B4C7=C(C8=CC=C7)N(C9=C8C=C(C(C)(C)C)C=C9)C6=CC(N%10C(C=CC=C%11)=C%11[Se]C%12=C%10C=CC=C%12)=C5)(C)C
330,PSeZBN2,None,CC(C(C=C1C2=C3C=CC(C(C)(C)C)=C2)=CC4=C1N3C5=C6B4C7=C(C8=CC=C7)N(C9=C8C=C(C(C)(C)C)C=C9)C6=CC(N%10C(C=CC=C%11)=C%11[Se]C%12=C%10C=CC=C%12)=C5)(C)C
331,Cz-TRZ,"9-(4-(4,6-diphenyl-1,3,5-triazin-2-yl)phenyl)-9H-carbazole",C1(N2C(C=CC=C3)=C3C4=C2C=CC=C4)=CC=C(C5=NC(C6=CC=CC=C6)=NC(C7=CC=CC=C7)=N5)C=C1
332,1-MeCz-TRZ,"9-(4-(4,6-diphenyl-1,3,5-triazin-2-yl)phenyl)-1-methyl-9H-carbazole",CC1=CC=CC2=C1N(C3=C2C=CC=C3)C4=CC=C(C5=NC(C6=CC=CC=C6)=NC(C7=CC=CC=C7)=N5)C=C4
333,1-MeCz-Pm,"9-(4-(4,6-diphenylpyrimidin-2-yl)phenyl)-1-methyl-9H-carbazole",CC1=CC=CC2=C1N(C3=C2C=CC=C3)C4=CC=C(C5=NC(C6=CC=CC=C6)=CC(C7=CC=CC=C7)=N5)C=C4
334,NPABP1,bis(4-(naphthalen-1-yl(phenyl)amino)phenyl)methanone,O=C(C1=CC=C(N(C2=CC=CC=C2)C3=CC=CC4=C3C=CC=C4)C=C1)C5=CC=C(N(C6=CC=CC=C6)C7=CC=CC8=C7C=CC=C8)C=C5
335,NPABP2,bis(4-(naphthalen-2-yl(phenyl)amino)phenyl)methanone,O=C(C1=CC=C(N(C2=CC=CC=C2)C3=CC=C(C=CC=C4)C4=C3)C=C1)C5=CC=C(N(C6=CC=CC=C6)C7=CC(C=CC=C8)=C8C=C7)C=C5
336,BC,"(4-(2-benzoyl-9,9-dimethylacridin-10(9H)-yl)phenyl)(4-(dodecyloxy)phenyl)methanone",O=C(C1=CC=CC=C1)C(C=C2)=CC3=C2N(C4=CC=C(C(C5=CC=C(OCCCCCCCCCCCC)C=C5)=O)C=C4)C(C=CC=C6)=C6C3(C)C
337,BC5F,"(4-(9,9-dimethyl-2-(perfluorobenzoyl)acridin-10(9H)-yl)phenyl)(4-(dodecyloxy)phenyl)methanone",O=C(C1=C(F)C(F)=C(F)C(F)=C1F)C(C=C2)=CC3=C2N(C4=CC=C(C(C5=CC=C(OCCCCCCCCCCCC)C=C5)=O)C=C4)C(C=CC=C6)=C6C3(C)C
338,TR-2tCz,"3,6-di-tert-butyl-9-(2-(4,6-diphenyl-1,3,5-triazin-2-yl)phenyl)-9H-carbazole",CC(C)(C)C(C=C1)=CC2=C1N(C3=C2C=C(C(C)(C)C)C=C3)C4=C(C5=NC(C6=CC=CC=C6)=NC(C7=CC=CC=C7)=N5)C=CC=C4
339,OMTR-tCz,"9-(2-(4,6-bis(3-methoxyphenyl)-1,3,5-triazin-2-yl)phenyl)-3,6-di-tert-butyl-9H-carbazole",CC(C)(C)C(C=C1)=CC2=C1N(C3=C2C=C(C(C)(C)C)C=C3)C4=C(C5=NC(C6=CC=CC(OC)=C6)=NC(C7=CC=CC(OC)=C7)=N5)C=CC=C4
340,TR-26tCz,"9,9'-(2-(4,6-diphenyl-1,3,5-triazin-2-yl)-1,3-phenylene)bis(3,6-di-tert-butyl-9H-carbazole)",CC(C)(C)C(C=C1)=CC2=C1N(C3=C2C=C(C(C)(C)C)C=C3)C4=C(C5=NC(C6=CC=CC=C6)=NC(C7=CC=CC=C7)=N5)C(N8C(C=CC(C(C)(C)C)=C9)=C9C%10=C8C=CC(C(C)(C)C)=C%10)=CC=C4
341,2PXZBN,None,C12=CC=CC(N3C(C4=CC=C5)=C5OC6=C3C=CC=C6)=C1B4C7=CC=CC8=C7N2C9=C(C=CC=C9)O8
342,2PTZBN,None,C12=CC=CC(N3C(C4=CC=C5)=C5SC6=C3C=CC=C6)=C1B4C7=CC=CC8=C7N2C9=C(C=CC=C9)S8
343,PT-BZ-DMAC,"(4-(9,9-dimethylacridin-10(9H)-yl)phenyl)(4-(phenylthio)phenyl)methanone",O=C(C1=CC=C(N2C(C=CC=C3)=C3C(C)(C)C4=C2C=CC=C4)C=C1)C(C=C5)=CC=C5SC6=CC=CC=C6
344,PS-BZ-DMAC,"(4-(9,9-dimethylacridin-10(9H)-yl)phenyl)(4-(phenylsulfonyl)phenyl)methanone",O=C(C1=CC=C(N2C(C=CC=C3)=C3C(C)(C)C4=C2C=CC=C4)C=C1)C(C=C5)=CC=C5S(C6=CC=CC=C6)(=O)=O
345,TrzCz-Me,"9-(4-(4,6-diphenyl-1,3,5-triazin-2-yl)-2-methylphenyl)-9H-carbazole",CC1=C(N2C(C=CC=C3)=C3C4=C2C=CC=C4)C=CC(C5=NC(C6=CC=CC=C6)=NC(C7=CC=CC=C7)=N5)=C1
346,TrzCz-CN,"2-(9H-carbazol-9-yl)-5-(4,6-diphenyl-1,3,5-triazin-2-yl)benzonitrile",N#CC1=C(N2C(C=CC=C3)=C3C4=C2C=CC=C4)C=CC(C5=NC(C6=CC=CC=C6)=NC(C7=CC=CC=C7)=N5)=C1
347,TrzDMAC-Me,"10-(4-(4,6-diphenyl-1,3,5-triazin-2-yl)-2-methylphenyl)-9,9-dimethyl-9,10-dihydroacridine",CC1=C(N2C(C=CC=C3)=C3C(C)(C)C4=C2C=CC=C4)C=CC(C5=NC(C6=CC=CC=C6)=NC(C7=CC=CC=C7)=N5)=C1
348,TrzPXZ-Me,"10-(4-(4,6-diphenyl-1,3,5-triazin-2-yl)-2-methylphenyl)-10H-phenoxazine",CC1=C(N2C(C=CC=C3)=C3OC4=C2C=CC=C4)C=CC(C5=NC(C6=CC=CC=C6)=NC(C7=CC=CC=C7)=N5)=C1
349,TrzPXZ-CN,"5-(4,6-diphenyl-1,3,5-triazin-2-yl)-2-(10H-phenoxazin-10-yl)benzonitrile",N#CC1=C(N2C(C=CC=C3)=C3OC4=C2C=CC=C4)C=CC(C5=NC(C6=CC=CC=C6)=NC(C7=CC=CC=C7)=N5)=C1
350,Ph-DMAC,"4-(3-cyano-4-(9,9-dimethylacridin-10(9H)-yl)phenyl)-2,6-diphenylpyridine-3,5-dicarbonitrile",CC(C1=C2C=CC=C1)(C)C3=C(C=CC=C3)N2C4=C(C#N)C=C(C5=C(C#N)C(C6=CC=CC=C6)=NC(C7=CC=CC=C7)=C5C#N)C=C4
351,Na-DMAC,"4-(3-cyano-4-(9,9-dimethylacridin-10(9H)-yl)phenyl)-2,6-di(naphthalen-1-yl)pyridine-3,5-dicarbonitrile",CC(C1=C2C=CC=C1)(C)C3=C(C=CC=C3)N2C4=C(C#N)C=C(C5=C(C#N)C(C6=CC=CC7=C6C=CC=C7)=NC(C8=C(C=CC=C9)C9=CC=C8)=C5C#N)C=C4
352,3Py-DMAC,"4'-(3-cyano-4-(9,9-dimethylacridin-10(9H)-yl)phenyl)-[3,2':6',3''-terpyridine]-3',5'-dicarbonitrile",CC(C1=C2C=CC=C1)(C)C3=C(C=CC=C3)N2C4=C(C#N)C=C(C5=C(C#N)C(C6=CN=CC=C6)=NC(C7=CC=CN=C7)=C5C#N)C=C4
353,CzPCN,"4,6-di(9H-carbazol-9-yl)pyrimidine-5-carbonitrile",N#CC1=C(N2C(C=CC=C3)=C3C4=C2C=CC=C4)N=CN=C1N5C(C=CC=C6)=C6C7=C5C=CC=C7
354,tCzPCN,"4,6-bis(3,6-di-tert-butyl-9H-carbazol-9-yl)pyrimidine-5-carbonitrile",N#CC1=C(N2C(C=CC(C(C)(C)C)=C3)=C3C4=C2C=CC(C(C)(C)C)=C4)N=CN=C1N5C(C=CC(C(C)(C)C)=C6)=C6C7=C5C=CC(C(C)(C)C)=C7
355,MeOCzPCN,"4,6-bis(3,6-dimethoxy-9H-carbazol-9-yl)pyrimidine-5-carbonitrile",N#CC1=C(N2C(C=CC(OC)=C3)=C3C4=C2C=CC(OC)=C4)N=CN=C1N5C(C=CC(OC)=C6)=C6C7=C5C=CC(OC)=C7
356,m-CzPym,"3-(2,6-di(9H-carbazol-9-yl)pyrimidin-4-yl)benzonitrile",N#CC1=CC(C2=CC(N3C(C=CC=C4)=C4C5=C3C=CC=C5)=NC(N6C(C=CC=C7)=C7C8=C6C=CC=C8)=N2)=CC=C1
357,p-CzPym,"4-(2,6-di(9H-carbazol-9-yl)pyrimidin-4-yl)benzonitrile",N#CC(C=C1)=CC=C1C2=CC(N3C(C=CC=C4)=C4C5=C3C=CC=C5)=NC(N6C(C=CC=C7)=C7C8=C6C=CC=C8)=N2
358,m-CzTrz,"3-(4,6-di(9H-carbazol-9-yl)-1,3,5-triazin-2-yl)benzonitrile",N#CC1=CC(C2=NC(N3C(C=CC=C4)=C4C5=C3C=CC=C5)=NC(N6C(C=CC=C7)=C7C8=C6C=CC=C8)=N2)=CC=C1
359,p-CzTrz,"4-(4,6-di(9H-carbazol-9-yl)-1,3,5-triazin-2-yl)benzonitrile",N#CC(C=C1)=CC=C1C2=NC(N3C(C=CC=C4)=C4C5=C3C=CC=C5)=NC(N6C(C=CC=C7)=C7C8=C6C=CC=C8)=N2
360,ICBNTrz1,"5-(4,6-diphenyl-1,3,5-triazin-2-yl)-2-(7-phenylindolo[2,3-b]carbazol-5(7H)-yl)benzonitrile",N#CC1=CC(C2=NC(C3=CC=CC=C3)=NC(C4=CC=CC=C4)=N2)=CC=C1N5C6=C(C=C(C(C=CC=C7)=C7N8C9=CC=CC=C9)C8=C6)C%10=C5C=CC=C%10
361,ICBNTrz2,"5-(4,6-diphenyl-1,3,5-triazin-2-yl)-2-(12-phenylindolo[2,3-a]carbazol-11(12H)-yl)benzonitrile",N#CC1=CC(C2=NC(C3=CC=CC=C3)=NC(C4=CC=CC=C4)=N2)=CC=C1N5C6=C(C=CC7=C6N(C8=CC=CC=C8)C9=C7C=CC=C9)C%10=C5C=CC=C%10
362,ICBNTrz3,"5-(4,6-diphenyl-1,3,5-triazin-2-yl)-2-(5-phenylindolo[3,2-a]carbazol-12(5H)-yl)benzonitrile",N#CC1=CC(C2=NC(C3=CC=CC=C3)=NC(C4=CC=CC=C4)=N2)=CC=C1N5C6=C(C=CC7=C6C8=C(C=CC=C8)N7C9=CC=CC=C9)C%10=C5C=CC=C%10
363,ICBNTrz4,"2-(7,7-dimethylindeno[2,1-b]carbazol-5(7H)-yl)-5-(4,6-diphenyl-1,3,5-triazin-2-yl)benzonitrile",CC1(C)C2=C(C=CC=C2)C(C1=C3)=CC4=C3N(C5=CC=C(C6=NC(C7=CC=CC=C7)=NC(C8=CC=CC=C8)=N6)C=C5C#N)C9=C4C=CC=C9
364,DTPTCzDP,"9-(4-(4,6-di-tert-butyl-1,3,5-triazin-2-yl)phenyl)-N3,N3,N6,N6-tetraphenyl-9H-carbazole-3,6-diamine",CC(C)(C)C1=NC(C2=CC=C(N3C(C=CC(N(C4=CC=CC=C4)C5=CC=CC=C5)=C6)=C6C7=C3C=CC(N(C8=CC=CC=C8)C9=CC=CC=C9)=C7)C=C2)=NC(C(C)(C)C)=N1
365,DTPTCzDP-CN,"2-(3,6-bis(diphenylamino)-9H-carbazol-9-yl)-5-(4,6-di-tert-butyl-1,3,5-triazin-2-yl)benzonitrile",CC(C)(C)C1=NC(C2=CC=C(N3C(C=CC(N(C4=CC=CC=C4)C5=CC=CC=C5)=C6)=C6C7=C3C=CC(N(C8=CC=CC=C8)C9=CC=CC=C9)=C7)C(C#N)=C2)=NC(C(C)(C)C)=N1
366,DTPTCzDP-Py,"9-(5-(4,6-di-tert-butyl-1,3,5-triazin-2-yl)pyridin-2-yl)-N3,N3,N6,N6-tetraphenyl-9H-carbazole-3,6-diamine",CC(C)(C)C1=NC(C2=CC=C(N3C(C=CC(N(C4=CC=CC=C4)C5=CC=CC=C5)=C6)=C6C7=C3C=CC(N(C8=CC=CC=C8)C9=CC=CC=C9)=C7)N=C2)=NC(C(C)(C)C)=N1
367,tCzDCF3Ph,"9,9',9'',9'''-(3,6-bis(trifluoromethyl)benzene-1,2,4,5-tetrayl)tetrakis(3,6-di-tert-butyl-9H-carbazole)",CC(C)(C)C1=CC(C2=C3C=CC(C(C)(C)C)=C2)=C(C=C1)N3C4=C(N5C(C=CC(C(C)(C)C)=C6)=C6C7=C5C=CC(C(C)(C)C)=C7)C(C(F)(F)F)=C(N8C(C=CC(C(C)(C)C)=C9)=C9C%10=C8C=CC(C(C)(C)C)=C%10)C(N%11C(C=CC(C(C)(C)C)=C%12)=C%12C%13=C%11C=CC(C(C)(C)C)=C%13)=C4C(F)(F)F
368,CzPh4AQ,"2-(4-(9H-carbazol-9-yl)phenyl)anthracene-9,10-dione",O=C1C2=C(C=CC=C2)C(C3=CC(C4=CC=C(N5C(C=CC=C6)=C6C7=C5C=CC=C7)C=C4)=CC=C31)=O
369,CzPh3AQ,"2-(3-(9H-carbazol-9-yl)phenyl)anthracene-9,10-dione",O=C1C2=C(C=CC=C2)C(C3=CC(C4=CC=CC(N5C(C=CC=C6)=C6C7=C5C=CC=C7)=C4)=CC=C31)=O
370,CzPh2AQ,"2-(2-(9H-carbazol-9-yl)phenyl)anthracene-9,10-dione",O=C1C2=C(C=CC=C2)C(C3=CC(C4=CC=CC=C4N5C(C=CC=C6)=C6C7=C5C=CC=C7)=CC=C31)=O
371,4CzDBN,"3,3',5,5'-tetra(9H-carbazol-9-yl)-[1,1'-biphenyl]-4,4'-dicarbonitrile",N#CC1=C(N2C(C=CC=C3)=C3C4=C2C=CC=C4)C=C(C5=CC(N6C(C=CC=C7)=C7C8=C6C=CC=C8)=C(C#N)C(N9C(C=CC=C%10)=C%10C%11=C9C=CC=C%11)=C5)C=C1N%12C(C=CC=C%13)=C%13C%14=C%12C=CC=C%14
372,PO-T2T,"((1,3,5-triazine-2,4,6-triyl)tris(benzene-3,1-diyl))tris(diphenylphosphine oxide)",O=P(C1=CC=CC=C1)(C2=CC=CC=C2)C3=CC=CC(C4=NC(C5=CC(P(C6=CC=CC=C6)(C7=CC=CC=C7)=O)=CC=C5)=NC(C8=CC(P(C9=CC=CC=C9)(C%10=CC=CC=C%10)=O)=CC=C8)=N4)=C3
373,TDBA-SBA,"10-(4-(tert-butyl)phenyl)-10'-(2,12-di-tert-butyl-5,9-dioxa-13b-boranaphtho[3,2,1-de]anthracen-7-yl)-10H,10'H-9,9'-spirobi[acridine]",CC(C)(C)C1=CC=C(N2C(C=CC=C3)=C3C4(C(C=CC=C5)=C5N(C6=CC(OC7=C8C=C(C(C)(C)C)C=C7)=C(B8C(C=C(C(C)(C)C)C=C9)=C9O%10)C%10=C6)C%11=C4C=CC=C%11)C%12=C2C=CC=C%12)C=C1
374,2TDBA-SBA,"10,10'-bis(2,12-di-tert-butyl-5,9-dioxa-13b-boranaphtho[3,2,1-de]anthracen-7-yl)-10H,10'H-9,9'-spirobi[acridine]",CC(C)(C)C(C=C1)=CC2=C1OC3=CC(N(C4=C5C=CC=C4)C6=C(C=CC=C6)C5(C7=C8C=CC=C7)C9=C(C=CC=C9)N8C%10=CC(OC(C=CC(C(C)(C)C)=C%11)=C%11B%12C(C=C(C(C)(C)C)C=C%13)=C%13O%14)=C%12C%14=C%10)=CC%15=C3B2C%16=C(C=CC(C(C)(C)C)=C%16)O%15
375,CN-BP-TPA,"4,4'-(11,12-bis(4-(diphenylamino)phenyl)dibenzo[a,c]phenazine-3,6-diyl)dibenzonitrile",N#CC(C=C1)=CC=C1C2=CC(C3=C4C=CC(C5=CC=C(C#N)C=C5)=C3)=C(C=C2)C6=C4N=C(C=C(C7=CC=C(N(C8=CC=CC=C8)C9=CC=CC=C9)C=C7)C(C%10=CC=C(N(C%11=CC=CC=C%11)C%12=CC=CC=C%12)C=C%10)=C%13)C%13=N6
376,CF3-BP-TPA,"4,4'-(3,6-bis(4-(trifluoromethyl)phenyl)dibenzo[a,c]phenazine-11,12-diyl)bis(N,N-diphenylaniline)",FC(C(C=C1)=CC=C1C2=CC(C3=C4C=CC(C5=CC=C(C(F)(F)F)C=C5)=C3)=C(C=C2)C6=C4N=C(C=C(C7=CC=C(N(C8=CC=CC=C8)C9=CC=CC=C9)C=C7)C(C%10=CC=C(N(C%11=CC=CC=C%11)C%12=CC=CC=C%12)C=C%10)=C%13)C%13=N6)(F)F
377,ANQDC-MSTA,"3-(3-methyl-13H-spiro[benzo[4,5]thieno[3,2-c]acridine-5,9'-fluoren]-13-yl)acenaphtho[1,2-b]quinoxaline-9,10-dicarbonitrile",CC1=CC(C2(C(C=CC=C3)=C3C4=C2C=CC=C4)C5=C6C7=C(C(C=CC=C8)=C8S7)C=C5)=C(C=C1)N6C9=CC=C%10C(C9=CC=C%11)=C%11C%12=NC%13=CC(C#N)=C(C#N)C=C%13N=C%12%10
378,ANQDC-PSTA,"3-(13H-spiro[benzo[4,5]thieno[3,2-c]acridine-5,9'-fluoren]-13-yl)acenaphtho[1,2-b]quinoxaline-9,10-dicarbonitrile",N#CC1=C(C#N)C=C(N=C(C2=C3C4=CC=C(N5C(C=CC=C6)=C6C7(C(C=CC=C8)=C8C9=C7C=CC=C9)C%10=C5C%11=C(C(C=CC=C%12)=C%12S%11)C=C%10)C3=CC=C2)C4=N%13)C%13=C1
379,BPCN-Cz2Ph,"4'-(3,6-diphenyl-9H-carbazol-9-yl)-[1,1'-biphenyl]-2-carbonitrile",N#CC(C=CC=C1)=C1C(C=C2)=CC=C2N3C4=C(C5=C3C=CC(C6=CC=CC=C6)=C5)C=C(C7=CC=CC=C7)C=C4
380,BPCN-2Cz,"4'-(9'-phenyl-9H,9'H-[3,3'-bicarbazol]-9-yl)-[1,1'-biphenyl]-2-carbonitrile",N#CC(C=CC=C1)=C1C(C=C2)=CC=C2N3C4=C(C5=C3C=CC=C5)C=C(C6=CC(C(C=CC=C7)=C7N8C9=CC=CC=C9)=C8C=C6)C=C4
381,BPCN-3Cz,"4'-(9,9''-diphenyl-9H,9'H,9''H-[3,3':6',4''-tercarbazol]-9'-yl)-[1,1'-biphenyl]-2-carbonitrile",N#CC(C=CC=C1)=C1C(C=C2)=CC=C2N3C4=C(C5=C3C=CC(C6=C(C(C=CC=C7)=C7N8C9=CC=CC=C9)C8=CC=C6)=C5)C=C(C%10=CC(C(C=CC=C%11)=C%11N%12C%13=CC=CC=C%13)=C%12C=C%10)C=C4
382,AcCYP,"2,6-bis(4-(9,9-dimethylacridin-10(9H)-yl)phenyl)nicotinonitrile",CC1(C)C2=C(C=CC=C2)N(C3=CC=C(C4=NC(C5=CC=C(N6C(C=CC=C7)=C7C(C)(C)C8=C6C=CC=C8)C=C5)=C(C#N)C=C4)C=C3)C9=C1C=CC=C9
383,PxCYP,"2,6-bis(4-(10H-phenoxazin-10-yl)phenyl)nicotinonitrile",N#CC(C=C1)=C(C2=CC=C(N3C(C=CC=C4)=C4OC5=C3C=CC=C5)C=C2)N=C1C(C=C6)=CC=C6N(C(C=CC=C7)=C7O8)C9=C8C=CC=C9
384,3SpiroAc-TB,"tris(2,6-dimethyl-4-(10H-spiro[acridine-9,9'-fluoren]-10-yl)phenyl)borane",CC1=C(B(C2=C(C)C=C(N3C(C=CC=C4)=C4C5(C6=CC=CC=C6C7=C5C=CC=C7)C8=C3C=CC=C8)C=C2C)C9=C(C)C=C(N%10C(C=CC=C%11)=C%11C%12(C%13=CC=CC=C%13C%14=C%12C=CC=C%14)C%15=C%10C=CC=C%15)C=C9C)C(C)=CC(N%16C(C=CC=C%17)=C%17C(C%18=C%19C=CC=C%18)(C%20=CC=CC=C%20%19)C%21=C%16C=CC=C%21)=C1
385,3DPAc-TB,"tris(4-(9,9-diphenylacridin-10(9H)-yl)-2,6-dimethylphenyl)borane",CC1=C(B(C2=C(C)C=C(N3C(C=CC=C4)=C4C(C5=CC=CC=C5)(C6=CC=CC=C6)C7=C3C=CC=C7)C=C2C)C8=C(C)C=C(N9C(C=CC=C%10)=C%10C(C%11=CC=CC=C%11)(C%12=CC=CC=C%12)C%13=C9C=CC=C%13)C=C8C)C(C)=CC(N%14C(C=CC=C%15)=C%15C(C%16=CC=CC=C%16)(C%17=CC=CC=C%17)C%18=C%14C=CC=C%18)=C1
386,DCzIPN,"4,6-di(carbazol-9-yl)benzene-1,3-dicarbonitrile",N#CC1=C(N2C3=C(C4=C2C=CC=C4)C=CC=C3)C=C(N5C6=C(C7=C5C=CC=C7)C=CC=C6)C(C#N)=C1
387,DMeCzIPN,"4,6-bis(1-methyl-9H-carbazol-9-yl)isophthalonitrile",N#CC1=C(N2C3=C(C4=C2C=CC=C4)C=CC=C3C)C=C(N5C6=C(C7=C5C(C)=CC=C7)C=CC=C6)C(C#N)=C1
388,DPS-PXT,"3,3'-(sulfonylbis(4,1-phenylene))diphenoxathiine",O=S(C1=CC=C(C2=CC=C(SC(C=CC=C3)=C3O4)C4=C2)C=C1)(C5=CC=C(C6=CC(OC(C=CC=C7)=C7S8)=C8C=C6)C=C5)=O
389,DPS-XA,"3,3'-(sulfonylbis(4,1-phenylene))bis(9,9-dimethyl-9H-xanthene)",O=S(C1=CC=C(C2=CC=C(C(C)(C)C(C=CC=C3)=C3O4)C4=C2)C=C1)(C5=CC=C(C6=CC(OC(C=CC=C7)=C7C8(C)C)=C8C=C6)C=C5)=O
390,DTS-PXZ,"3,3'-(sulfonylbis(6-methyl-3,1-phenylene))bis(10-phenyl-10H-phenoxazine)",O=S(C1=CC(C2=CC=C(N(C3=CC=CC=C3)C(C=CC=C4)=C4O5)C5=C2)=C(C)C=C1)(C6=CC=C(C)C(C7=CC(OC(C=CC=C8)=C8N9C%10=CC=CC=C%10)=C9C=C7)=C6)=O
391,DTS-PXT,"3,3'-(sulfonylbis(6-methyl-3,1-phenylene))diphenoxathiine",O=S(C1=CC(C2=CC=C(SC(C=CC=C3)=C3O4)C4=C2)=C(C)C=C1)(C5=CC=C(C)C(C6=CC(OC(C=CC=C7)=C7S8)=C8C=C6)=C5)=O
392,DTS-XA,"3,3'-(sulfonylbis(6-methyl-3,1-phenylene))bis(9,9-dimethyl-9H-xanthene)",O=S(C1=CC(C2=CC=C(C(C)(C)C(C=CC=C3)=C3O4)C4=C2)=C(C)C=C1)(C5=CC=C(C)C(C6=CC(OC(C=CC=C7)=C7C8(C)C)=C8C=C6)=C5)=O
393,DMACpBA,"10-(4-(dibenzo[b,e]borinin-5(10H)-yl)-3,5-dimethylphenyl)-9,9-dimethyl-9,10-dihydroacridine",CC1=CC(N2C(C=CC=C3)=C3C(C)(C)C4=C2C=CC=C4)=CC(C)=C1B5C(C=CC=C6)=C6CC7=C5C=CC=C7
394,DPACpBA,"10-(4-(dibenzo[b,e]borinin-5(10H)-yl)-3,5-dimethylphenyl)-9,9-diphenyl-9,10-dihydroacridine",CC1=CC(N2C(C=CC=C3)=C3C(C4=CC=CC=C4)(C5=CC=CC=C5)C6=C2C=CC=C6)=CC(C)=C1B7C(C=CC=C8)=C8CC9=C7C=CC=C9
395,DMACpB,"10-(4-(dimesitylboraneyl)-3,5-dimethylphenyl)-9,9-dimethyl-9,10-dihydroacridine",CC1=CC(N2C(C=CC=C3)=C3C(C)(C)C4=C2C=CC=C4)=CC(C)=C1B(C5=C(C)C=C(C)C=C5C)C6=C(C)C=C(C)C=C6C
396,DPACpB,"10-(4-(dimesitylboraneyl)-3,5-dimethylphenyl)-9,9-diphenyl-9,10-dihydroacridine",CC1=CC(N2C(C=CC=C3)=C3C(C4=CC=CC=C4)(C5=CC=CC=C5)C6=C2C=CC=C6)=CC(C)=C1B(C7=C(C)C=C(C)C=C7C)C8=C(C)C=C(C)C=C8C
397,CPT,"9-(4-(4,6-diphenyl-1,3,5-triazin-2-yl)phenyl)-9H-carbazole",C1(C2=NC(C3=CC=CC=C3)=NC(C4=CC=CC=C4)=N2)=CC=C(N5C(C=CC=C6)=C6C7=C5C=CC=C7)C=C1
398,BrCPT,"3-bromo-9-(4-(4,6-diphenyl-1,3,5-triazin-2-yl)phenyl)-9H-carbazole",BrC(C=C1)=CC2=C1N(C3=C2C=CC=C3)C4=CC=C(C5=NC(C6=CC=CC=C6)=NC(C7=CC=CC=C7)=N5)C=C4
399,2BrCPT,"3,6-dibromo-9-(4-(4,6-diphenyl-1,3,5-triazin-2-yl)phenyl)-9H-carbazole",BrC(C=C1)=CC2=C1N(C3=C2C=C(Br)C=C3)C4=CC=C(C5=NC(C6=CC=CC=C6)=NC(C7=CC=CC=C7)=N5)C=C4
400,AQTC-DTPA,"4,4'-(8,9,10-trimethylacenaphtho[1,2-b]quinoxaline-3,4-diyl)bis(N,N-diphenylaniline)",N#CC1=CC2=NC3=C(N=C2C(C#N)=C1C#N)C4=CC=C(C5=CC=C(N(C6=CC=CC=C6)C7=CC=CC=C7)C=C5)C(C4=C3C=C8)=C8C9=CC=C(N(C%10=CC=CC=C%10)C%11=CC=CC=C%11)C=C9
401,FTAT-FBO,None,FC1=CC(B2C(C=C(F)C=C3)=C3O4)=C(C=C1)OC5=C2C4=CC(N(C6=C7C=CC=C6)C8=C7C9=C(C%10=C8C%11=C%12N%10C%13=CC=CC=C%13C(C%14=CC=CC=C%14)(C%15=CC=CC=C%15)C%12=CC=C%11)C%16=C%17N9C(C=CC=C%18)=C%18C(C%19=CC=CC=C%19)(C%20=CC=CC=C%20)C%17=CC=C%16)=C5
402,FTAT-HBO,None,C12=C3C(C(N4C5=C6C=CC=C5C(C7=CC=CC=C7)(C8=CC=CC=C8)C9=CC=CC=C49)=C6C%10=C%11C%12=C(C=CC=C%12)N%10C%13=CC(OC(C=CC=C%14)=C%14B%15C(C=CC=C%16)=C%16O%17)=C%15C%17=C%13)=C%11N1C(C=CC=C%18)=C%18C(C%19=CC=CC=C%19)(C%20=CC=CC=C%20)C2=CC=C3
403,FTAT-MBO,None,CC1=CC(B2C(C=C(C)C=C3)=C3O4)=C(C=C1)OC5=C2C4=CC(N(C6=C7C=CC=C6)C8=C7C9=C(C%10=C8C%11=C%12N%10C%13=CC=CC=C%13C(C%14=CC=CC=C%14)(C%15=CC=CC=C%15)C%12=CC=C%11)C%16=C%17N9C(C=CC=C%18)=C%18C(C%19=CC=CC=C%19)(C%20=CC=CC=C%20)C%17=CC=C%16)=C5
404,NyDPAc,"2,6-bis(4-(9,9-dimethylacridin-10(9H)-yl)phenyl)-1,5-naphthyridine",CC(C1=C2C=CC=C1)(C)C3=C(C=CC=C3)N2C(C=C4)=CC=C4C5=NC6=CC=C(C7=CC=C(N8C(C=CC=C9)=C9C(C)(C)C%10=C8C=CC=C%10)C=C7)N=C6C=C5
405,TXSA,"10-(4-(4,6-diphenyl-1,3,5-triazin-2-yl)-2,5-dimethylphenyl)-2',3'-dihydro-10H-spiro[acridine-9,1'-indene]",CC1=C(N2C(C=CC=C3)=C3C4(C(C=CC=C5)=C5C6=C4C=CC=C6)C7=C2C=CC=C7)C=C(C)C(C8=NC(C9=CC=CC=C9)=NC(C%10=CC=CC=C%10)=N8)=C1
406,TTSA,"10-(4-(4,6-diphenyl-1,3,5-triazin-2-yl)-2-methylphenyl)-10H-spiro[acridine-9,9'-fluorene]",CC1=C(N2C(C=CC=C3)=C3C4(C(C=CC=C5)=C5C6=C4C=CC=C6)C7=C2C=CC=C7)C=CC(C8=NC(C9=CC=CC=C9)=NC(C%10=CC=CC=C%10)=N8)=C1
407,PTZ-2PTO,"10-phenyl-10H-[2,10'-biphenothiazine] 5,5-dioxide",O=S1(C(C=CC=C2)=C2N(C3=CC=CC=C3)C4=C1C=CC(N5C(C=CC=C6)=C6SC7=C5C=CC=C7)=C4)=O
408,PTZ-AD,3-(10H-phenothiazin-10-yl)-10-phenylacridin-9(10H)-one,O=C1C2=C(C=C(N3C(C=CC=C4)=C4SC5=C3C=CC=C5)C=C2)N(C6=CC=CC=C6)C7=C1C=CC=C7
409,PhAI-Cz,"4-(4-(9H-carbazol-9-yl)phenyl)-2-phenylisoindoline-1,3-dione",O=C1N(C2=CC=CC=C2)C(C3=C1C(C4=CC=C(N5C(C=CC=C6)=C6C7=C5C=CC=C7)C=C4)=CC=C3)=O
410,PhAI-Oz,"4-(4-(10H-phenoxazin-10-yl)phenyl)-2-phenylisoindoline-1,3-dione",O=C1N(C2=CC=CC=C2)C(C3=C1C(C4=CC=C(N5C(C=CC=C6)=C6OC7=C5C=CC=C7)C=C4)=CC=C3)=O
411,PhAI-Tz,"4-(4-(10H-phenothiazin-10-yl)phenyl)-2-phenylisoindoline-1,3-dione",O=C1N(C2=CC=CC=C2)C(C3=C1C(C4=CC=C(N5C(C=CC=C6)=C6SC7=C5C=CC=C7)C=C4)=CC=C3)=O
412,PhAI-Ad,"4-(4-(9,9-dimethylacridin-10(9H)-yl)phenyl)-2-phenylisoindoline-1,3-dione",O=C1N(C2=CC=CC=C2)C(C3=C1C(C4=CC=C(N5C(C=CC=C6)=C6C(C)(C)C7=C5C=CC=C7)C=C4)=CC=C3)=O
413,QD-TPA,"6,9-bis(4-(diphenylamino)phenyl)-1,11,11-trimethyl-1,2,3,4-tetrahydro-1,4-methanophenazine-7,8-dicarbonitrile",CC1(C2(C)C)C3=NC4=C(C5=CC=C(N(C6=CC=CC=C6)C7=CC=CC=C7)C=C5)C(C#N)=C(C#N)C(C8=CC=C(N(C9=CC=CC=C9)C%10=CC=CC=C%10)C=C8)=C4N=C3C2([H])CC1
414,QD-CP,"6,9-bis(4-(9H-carbazol-9-yl)phenyl)-1,11,11-trimethyl-1,2,3,4-tetrahydro-1,4-methanophenazine-7,8-dicarbonitrile",CC1(C2(C)C)C3=NC4=C(C5=CC=C(N(C6=CC=CC=C67)C8=C7C=CC=C8)C=C5)C(C#N)=C(C#N)C(C9=CC=C(N(C%10=CC=CC=C%10%11)C%12=C%11C=CC=C%12)C=C9)=C4N=C3C2([H])CC1
415,pBCz,"9-(2,4-diphenylquinazolin-6-yl)-9'-phenyl-9H,9'H-3,3'-bicarbazole",N1(C2=CC(C(C3=CC=CC=C3)=NC(C4=CC=CC=C4)=N5)=C5C=C2)C(C=CC=C6)=C6C7=C1C=CC(C8=CC=C(N(C9=CC=CC=C9)C%10=C%11C=CC=C%10)C%11=C8)=C7
416,oBCz-Qz,"9-(2,4-diphenylquinazolin-6-yl)-9'-phenyl-9H,9'H-1,3'-bicarbazole",N1(C2=CC=C(N=C(C3=CC=CC=C3)N=C4C5=CC=CC=C5)C4=C2)C(C=CC=C6)=C6C7=C1C(C8=CC(C(C=CC=C9)=C9N%10C%11=CC=CC=C%11)=C%10C=C8)=CC=C7
417,Cz-Trz-CN,"3'-(4-(2-(9H-carbazol-9-yl)phenyl)-6-phenyl-1,3,5-triazin-2-yl)-[1,1'-biphenyl]-4-carbonitrile",N#CC(C=C1)=CC=C1C2=CC=CC(C3=NC(C4=CC=CC=C4)=NC(C5=CC=CC=C5N6C(C=CC=C7)=C7C8=C6C=CC=C8)=N3)=C2
418,2NSO-DMAC,"(R)-3-(4-(9,9-dimethylacridin-10(9H)-yl)phenyl)-1-phenylbenzo[e][1,2,4]thiadiazine 1-oxide",CC(C1=C2C=CC=C1)(C)C3=C(C=CC=C3)N2C4=CC=C(C(N=5)=NC6=C(C=CC=C6)[S@@]5(C7=CC=CC=C7)=O)C=C4
419,Cy3-TrzCz,"6'-(4-(3-((6-((3-ethyloxetan-3-yl)methoxy)hexyl)oxy)-9H-carbazol-9-yl)phenyl)spiro[fluorene-9,12'-6,10,14,18-tetraoxa-1,5(9,4)-dicarbazola-3(2,4)-triazina-2,4,11,13(1,4)-tetrabenzenacyclooctadecaphane]",CCC1(COC1)COCCCCCCOC2=CC(C3=C4C=CC=C3)=C(C=C2)N4C5=CC=C(C6=NC(C7=CC=C(N8C(C=CC=C9OCCCOC(C=C%10)=CC=C%10C%11%12C(C=CC=C%13)=C%13C%14=C%12C=CC=C%14)=C9C%15=C8C=CC=C%15)C=C7)=NC(C%16=CC=C(N%17C(C=CC=C%18)=C%18C%19=C%17C=CC=C%19OCCCOC%20=CC=C%11C=C%20)C=C%16)=N6)C=C5
420,Cy6-TrzCz,"6'-(4-(3-((6-((3-ethyloxetan-3-yl)methoxy)hexyl)oxy)-9H-carbazol-9-yl)phenyl)spiro[fluorene-9,15'-6,13,17,24-tetraoxa-1,5(9,4)-dicarbazola-3(2,4)-triazina-2,4,14,16(1,4)-tetrabenzenacyclotetracosaphane]",CCC1(COC1)COCCCCCCOC2=CC(C3=C4C=CC=C3)=C(C=C2)N4C5=CC=C(C6=NC(C7=CC=C(N8C(C=CC=C9OCCCCCCOC(C=C%10)=CC=C%10C%11%12C(C=CC=C%13)=C%13C%14=C%12C=CC=C%14)=C9C%15=C8C=CC=C%15)C=C7)=NC(C%16=CC=C(N%17C(C=CC=C%18)=C%18C%19=C%17C=CC=C%19OCCCCCCOC%20=CC=C%11C=C%20)C=C%16)=N6)C=C5
421,Cy10-TrzCz,"6'-(4-(3-((6-((3-ethyloxetan-3-yl)methoxy)hexyl)oxy)-9H-carbazol-9-yl)phenyl)spiro[fluorene-9,18'-6,16,20,31-tetraoxa-1,5(9,4)-dicarbazola-3(2,4)-triazina-2,4,17,19(1,4)-tetrabenzenacyclohentriacontaphane]",CCC1(COC1)COCCCCCCOC2=CC(C3=C4C=CC=C3)=C(C=C2)N4C5=CC=C(C6=NC(C7=CC=C(N8C(C=CC=C9OCCCCCCCCCCOC(C=C%10)=CC=C%10C%11%12C(C=CC=C%13)=C%13C%14=C%12C=CC=C%14)=C9C%15=C8C=CC=C%15)C=C7)=NC(C%16=CC=C(N%17C(C=CC=C%18)=C%18C%19=C%17C=CC=C%19OCCCCCCCCCOC%20=CC=C%11C=C%20)C=C%16)=N6)C=C5
422,(rac)-ImTCBN,"6,6'-bis(3,6-di-tert-butyl-9H-fluoren-9-yl)-4,4'-di(1H-imidazol-1-yl)-[1,1'-biphenyl]-2,2'-dicarbonitrile",CC(C)(C)C(C=C1)=CC2=C1C(C3=C2C=C(C(C)(C)C)C=C3)C4=CC(N5C=NC=C5)=CC(C#N)=C4C6=C(C#N)C=C(N7C=NC=C7)C=C6C8C(C=CC(C(C)(C)C)=C9)=C9C%10=C8C=CC(C(C)(C)C)=C%10
423,F-XT-TPA-BP,"1'-(4-(diphenylamino)phenyl)-8'-fluoro-4'-methyl-10H-spiro[anthracene-9,9'-xanthen]-10-one",O=C(C1=C2C=CC=C1)C3=C(C=CC=C3)C42C5=C(C=CC=C5F)OC6=C4C(C7=CC=C(N(C8=CC=CC=C8)C9=CC=CC=C9)C=C7)=CC=C6C
424,CF3-XT-TPA-BP,"1'-(4-(diphenylamino)phenyl)-4'-methyl-6'-(trifluoromethyl)-10H-spiro[anthracene-9,9'-xanthen]-10-one",O=C(C1=C2C=CC=C1)C3=C(C=CC=C3)C42C5=C(C=C(C(F)(F)F)C=C5)OC6=C4C(C7=CC=C(N(C8=CC=CC=C8)C9=CC=CC=C9)C=C7)=CC=C6C
425,XT-TPA-BP,"1'-(4-(diphenylamino)phenyl)-4'-methyl-10H-spiro[anthracene-9,9'-xanthen]-10-one",O=C(C1=C2C=CC=C1)C3=C(C=CC=C3)C42C5=C(C=CC=C5)OC6=C4C(C7=CC=C(N(C8=CC=CC=C8)C9=CC=CC=C9)C=C7)=CC=C6C
426,Trz-S-Cz,"9-(4-((4-(4,6-diphenyl-1,3,5-triazin-2-yl)phenyl)thio)phenyl)-9H-carbazole",C1(C2=NC(C3=CC=CC=C3)=NC(C4=CC=CC=C4)=N2)=CC=C(SC5=CC=C(N6C(C=CC=C7)=C7C8=C6C=CC=C8)C=C5)C=C1
427,Trz-S-tBuCz,"3,6-di-tert-butyl-9-(4-((4-(4,6-diphenyl-1,3,5-triazin-2-yl)phenyl)thio)phenyl)-9H-carbazole",CC(C)(C)C(C=C1)=CC2=C1N(C3=C2C=C(C(C)(C)C)C=C3)C(C=C4)=CC=C4SC5=CC=C(C6=NC(C7=CC=CC=C7)=NC(C8=CC=CC=C8)=N6)C=C5
428,Trz-SO2-Cz,"9-(4-((4-(4,6-diphenyl-1,3,5-triazin-2-yl)phenyl)sulfonyl)phenyl)-9H-carbazole",O=S(C1=CC=C(C2=NC(C3=CC=CC=C3)=NC(C4=CC=CC=C4)=N2)C=C1)(C5=CC=C(N6C(C=CC=C7)=C7C8=C6C=CC=C8)C=C5)=O
429,Trz-SO2-tBuCz,"3,6-di-tert-butyl-9-(4-((4-(4,6-diphenyl-1,3,5-triazin-2-yl)phenyl)sulfonyl)phenyl)-9H-carbazole",CC(C)(C)C(C=C1)=CC2=C1N(C3=C2C=C(C(C)(C)C)C=C3)C(C=C4)=CC=C4S(C5=CC=C(C6=NC(C7=CC=CC=C7)=NC(C8=CC=CC=C8)=N6)C=C5)(=O)=O
430,QAO-PhIDA,"3,11-di-tert-butyl-7-(8,8-diphenyl-8H-indolo[3,2,1-de]acridin-10-yl)quinolino[3,2,1-de]acridine-5,9-dione",CC(C)(C)C1=CC(C2=O)=C(C=C1)N3C4=C(C=C(C(C)(C)C)C=C4)C(C5=CC(C6=CC(C(C7=CC=CC=C7)(C8=CC=CC=C8)C(C=CC=C9%10)=C9N%11C%12=C%10C=CC=C%12)=C%11C=C6)=CC2=C53)=O
431,DNAI-pPh,"2-(4-(tert-butyl)phenyl)-6-(2-(4-(10-(2-(4-isopropylphenyl)-1,3-dioxo-2,3-dihydro-1H-benzo[de]isoquinolin-6-yl)-9,9-dimethyl-9,10-dihydroacridin-2-yl)phenyl)-9,9-dimethylacridin-10(9H)-yl)-1H-benzo[de]isoquinoline-1,3(2H)-dione",O=C(N1C2=CC=C(C(C)(C)C)C=C2)C(C3=C4C=CC=C3C1=O)=CC=C4N(C(C=CC=C5)=C5C6(C)C)C7=C6C=C(C8=CC=C(C9=CC(C(C)(C)C(C=CC=C%10)=C%10N%11C%12=C(C=CC=C%13C(N(C%14=CC=C(C(C)C)C=C%14)C%15=O)=O)C%13=C%15C=C%12)=C%11C=C9)C=C8)C=C7
432,DANI-mPh,"2-(4-(tert-butyl)phenyl)-6-(2-(3-(10-(2-(4-isopropylphenyl)-1,3-dioxo-2,3-dihydro-1H-benzo[de]isoquinolin-6-yl)-9,9-dimethyl-9,10-dihydroacridin-2-yl)phenyl)-9,9-dimethylacridin-10(9H)-yl)-1H-benzo[de]isoquinoline-1,3(2H)-dione",O=C(N1C2=CC=C(C(C)(C)C)C=C2)C(C3=C4C=CC=C3C1=O)=CC=C4N(C(C=CC=C5)=C5C6(C)C)C7=C6C=C(C8=CC=CC(C9=CC(C(C)(C)C(C=CC=C%10)=C%10N%11C%12=C(C=CC=C%13C(N(C%14=CC=C(C(C)C)C=C%14)C%15=O)=O)C%13=C%15C=C%12)=C%11C=C9)=C8)C=C7
433,TNAI-mPh,"6,6'-((5-(10-(2-(4-isopropylphenyl)-1,3-dioxo-2,3-dihydro-1H-benzo[de]isoquinolin-6-yl)-9,9-dimethyl-9,10-dihydroacridin-2-yl)-1,3-phenylene)bis(9,9-dimethylacridine-2,10(9H)-diyl))bis(2-(4-(tert-butyl)phenyl)-1H-benzo[de]isoquinoline-1,3(2H)-dione)",O=C(N1C2=CC=C(C(C)(C)C)C=C2)C(C3=C4C=CC=C3C1=O)=CC=C4N(C(C=CC=C5)=C5C6(C)C)C7=C6C=C(C8=CC(C9=CC=C(N(C%10=CC=C(C(N%11C%12=CC=C(C(C)(C)C)C=C%12)=O)C%13=C%10C=CC=C%13C%11=O)C(C=CC=C%14)=C%14C%15(C)C)C%15=C9)=CC(C%16=CC(C(C)(C)C(C=CC=C%17)=C%17N%18C%19=C(C=CC=C%20C(N(C%21=CC=C(C(C)C)C=C%21)C%22=O)=O)C%20=C%22C=C%19)=C%18C=C%16)=C8)C=C7
434,2-(4-(10H-phenothiazin-10-yl)phenyl)quinoxaline-6-carbonitrile,2-(4-(10H-phenothiazin-10-yl)phenyl)quinoxaline-6-carbonitrile,N#CC1=CC=C(N=C(C2=CC=C(N3C(C=CC=C4)=C4SC5=C3C=CC=C5)C=C2)C=N6)C6=C1
435,2-(4-(10H-phenoxazin-10-yl)phenyl)quinoxaline-6-carbonitrile,2-(4-(10H-phenoxazin-10-yl)phenyl)quinoxaline-6-carbonitrile,N#CC1=CC=C(N=C(C2=CC=C(N3C(C=CC=C4)=C4OC5=C3C=CC=C5)C=C2)C=N6)C6=C1
436,"2-(4-(2,7-di-tert-butyl-9,9-dimethylacridin-10(9H)-yl)phenyl)quinoxaline-6-carbonitrile","2-(4-(2,7-di-tert-butyl-9,9-dimethylacridin-10(9H)-yl)phenyl)quinoxaline-6-carbonitrile",CC(C1=C2C=CC(C(C)(C)C)=C1)(C)C3=C(C=CC(C(C)(C)C)=C3)N2C(C=C4)=CC=C4C5=NC6=CC=C(C#N)C=C6N=C5
437,"2-(4-(3,6-di-tert-butyl-9H-carbazol-9-yl)phenyl)quinoxaline-6-carbonitrile","2-(4-(3,6-di-tert-butyl-9H-carbazol-9-yl)phenyl)quinoxaline-6-carbonitrile",CC(C)(C)C(C=C1)=CC2=C1N(C3=C2C=C(C(C)(C)C)C=C3)C(C=C4)=CC=C4C5=NC6=CC=C(C#N)C=C6N=C5
438,TD-2T,"4,4',4''-(dibenzo[f,h]pyrazino[2,3-b]quinoxaline-3,6,11-triyl)tris(N,N-diphenylaniline)",C1(C2=CC=C(N(C3=CC=CC=C3)C4=CC=CC=C4)C=C2)=CN=C(N=C(C(C=CC(C5=CC=C(N(C6=CC=CC=C6)C7=CC=CC=C7)C=C5)=C8)=C8C9=C%10C=CC(C%11=CC=C(N(C%12=CC=CC=C%12)C%13=CC=CC=C%13)C=C%11)=C9)C%10=N%14)C%14=N1
439,CD-2T,"4,4'-(11-(4-(9H-carbazol-9-yl)phenyl)dibenzo[f,h]pyrazino[2,3-b]quinoxaline-3,6-diyl)bis(N,N-diphenylaniline)",C1(C2=CC=C(N(C3=CC=CC=C34)C5=C4C=CC=C5)C=C2)=CN=C(N=C(C(C=CC(C6=CC=C(N(C7=CC=CC=C7)C8=CC=CC=C8)C=C6)=C9)=C9C%10=C%11C=CC(C%12=CC=C(N(C%13=CC=CC=C%13)C%14=CC=CC=C%14)C=C%12)=C%10)C%11=N%15)C%15=N1
440,TD-2C,"4-(3,6-bis(4-(9H-carbazol-9-yl)phenyl)dibenzo[f,h]pyrazino[2,3-b]quinoxalin-11-yl)-N,N-diphenylaniline",C1(C2=CC=C(N(C3=CC=CC=C3)C4=CC=CC=C4)C=C2)=CN=C(N=C(C(C=CC(C5=CC=C(N(C6=CC=CC=C67)C8=C7C=CC=C8)C=C5)=C9)=C9C%10=C%11C=CC(C%12=CC=C(N%13C%14=CC=CC=C%14C%15=C%13C=CC=C%15)C=C%12)=C%10)C%11=N%16)C%16=N1
441,tCTN,"4-(3,6-di-tert-butyl-9H-carbazol-9-yl)-3-(4,6-diphenyl-1,3,5-triazin-2-yl)benzonitrile",CC(C)(C)C(C=C1)=CC2=C1N(C3=C(C4=NC(C5=CC=CC=C5)=NC(C6=CC=CC=C6)=N4)C=C(C#N)C=C3)C7=C2C=C(C(C)(C)C)C=C7
442,PCTN,"3-(4,6-diphenyl-1,3,5-triazin-2-yl)-4-(3,6-diphenyl-9H-carbazol-9-yl)benzonitrile",N#CC(C=C1)=CC(C2=NC(C3=CC=CC=C3)=NC(C4=CC=CC=C4)=N2)=C1N5C6=C(C=C(C7=CC=CC=C7)C=C6)C8=C5C=CC(C9=CC=CC=C9)=C8
443,tMOPXZ-PAB,"N-(4-(10H-phenoxazin-10-yl)phenyl)-5,9-diphenyl-N-(2,4,5-trimethoxyphenyl)-5,9-dihydro-5,9-diaza-13b-boranaphtho[3,2,1-de]anthracen-7-amine",COC1=CC(OC)=C(OC)C=C1N(C2=CC=C(N3C(C=CC=C4)=C4OC5=C3C=CC=C5)C=C2)C6=CC(N(C7=CC=CC=C7)C8=C9C=CC=C8)=C(B9C(C=CC=C%10)=C%10N%11C%12=CC=CC=C%12)C%11=C6
444,tMePXZ-PAB,"N-(4-(10H-phenoxazin-10-yl)phenyl)-5,9-diphenyl-N-(2,4,5-trimethylphenyl)-5,9-dihydro-5,9-diaza-13b-boranaphtho[3,2,1-de]anthracen-7-amine",CC1=CC(C)=C(C)C=C1N(C2=CC=C(N3C(C=CC=C4)=C4OC5=C3C=CC=C5)C=C2)C6=CC(N(C7=CC=CC=C7)C8=C9C=CC=C8)=C(B9C(C=CC=C%10)=C%10N%11C%12=CC=CC=C%12)C%11=C6
445,m-CN-PAB,"3,3'-((5,9-diphenyl-5,9-dihydro-5,9-diaza-13b-boranaphtho[3,2,1-de]anthracen-7-yl)azanediyl)dibenzonitrile",N#CC1=CC=CC(N(C2=CC=CC(C#N)=C2)C3=CC(N(C4=CC=CC=C4)C5=C6C=CC=C5)=C(B6C(C=CC=C7)=C7N8C9=CC=CC=C9)C8=C3)=C1
446,p-CN-PAB,"4,4'-((5,9-diphenyl-5,9-dihydro-5,9-diaza-13b-boranaphtho[3,2,1-de]anthracen-7-yl)azanediyl)dibenzonitrile",N#CC(C=C1)=CC=C1N(C2=CC=C(C#N)C=C2)C3=CC(N(C4=CC=CC=C4)C5=C6C=CC=C5)=C(B6C(C=CC=C7)=C7N8C9=CC=CC=C9)C8=C3
447,(R)-QAO,"quinolino[3,2,1-de]acridine-5,9-dione",O=C(C1=C2C=CC=C1)C3=C(N2C(C=CC=C4)=C4C5=O)C5=CC=C3
448,(R)-QAO-Cz,"(12R)-12-(tert-butyl)-12-methyl-12,19b-dihydrofluorantheno[1,2-a]quinolino[3,2,1-de]acridine-10,20-dione",O=C(C1=C2C=CC=C1)C3=C(N2C(C=CC=C4)=C4C5=O)C5=CC6=C3C7C(C([C@]6(C(C)(C)C)C)=CC=C8)=C8C9=C7C=CC=C9
449,(R)-QAO-CzNCF,"(12R)-12-(tert-butyl)-12-methyl-18-(2-(trifluoromethyl)pyridin-4-yl)-12,19b-dihydrofluorantheno[1,2-a]quinolino[3,2,1-de]acridine-10,20-dione",O=C(C1=C2C=CC=C1)C3=C(N2C(C=CC=C4)=C4C5=O)C5=CC6=C3C7C(C([C@]6(C(C)(C)C)C)=CC=C8)=C8C9=C7C=C(C%10=CC(C(F)(F)F)=NC=C%10)C=C9
450,BCzBN-PO,"2,5,8,11-tetra-tert-butyl-16-phenyl-3a2,13b-diaza-16-phospha-6b-boraacenaphtho[1,2,3,4,5-pqrst]indeno[1,2,3-de]pentaphene 16-oxide",CC(C)(C)C(C=C1C2=C3C=CC(C(C)(C)C)=C2)=CC4=C1N3C5=CC=C(P6(C7=CC=CC=C7)=O)C8=C5B4C9=C%10N8C%11=C6C=C(C(C)(C)C)C=C%11C%10=CC(C(C)(C)C)=C9
451,BCzBN-PS,"2,5,8,11-tetra-tert-butyl-16-phenyl-3a2,13b-diaza-16-phospha-6b-boraacenaphtho[1,2,3,4,5-pqrst]indeno[1,2,3-de]pentaphene 16-sulfide",CC(C)(C)C(C=C1C2=C3C=CC(C(C)(C)C)=C2)=CC4=C1N3C5=CC=C(P6(C7=CC=CC=C7)=S)C8=C5B4C9=C%10N8C%11=C6C=C(C(C)(C)C)C=C%11C%10=CC(C(C)(C)C)=C9
452,BCzBN,None,CC(C)(C)C(C=C1C2=C3C=CC(C(C)(C)C)=C2)=CC4=C1N3C5=CC=CC6=C5B4C7=C8N6C9=CC=C(C(C)(C)C)C=C9C8=CC(C(C)(C)C)=C7
453,BO-QAD,"1-(2,12-di-tert-butyl-5,9-dioxa-13b-boranaphtho[3,2,1-de]anthracen-7-yl)quinolino[3,2,1-de]acridine-5,9-dione",CC(C)(C)C(C=C1)=CC2=C1OC3=CC(C4=C(N(C(C=CC=C5)=C5C6=O)C(C6=CC=C7)=C7C8=O)C8=CC=C4)=CC9=C3B2C%10=C(C=CC(C(C)(C)C)=C%10)O9
454,BO-QAD:DMAC-DPS,"1-(2,12-di-tert-butyl-5,9-dioxa-13b-boranaphtho[3,2,1-de]anthracen-7-yl)quinolino[3,2,1-de]acridine-5,9-dione",CC(C)(C)C(C=C1)=CC2=C1OC3=CC(C4=C(N(C(C=CC=C5)=C5C6=O)C(C6=CC=C7)=C7C8=O)C8=CC=C4)=CC9=C3B2C%10=C(C=CC(C(C)(C)C)=C%10)O9
455,BO-QAS:TCTA,"1-(2,12-di-tert-butyl-5,9-dioxa-13b-boranaphtho[3,2,1-de]anthracen-7-yl)quinolino[3,2,1-de]acridine-5,9-dione",CC(C)(C)C(C=C1)=CC2=C1OC3=CC(C4=C(N(C(C=CC=C5)=C5C6=O)C(C6=CC=C7)=C7C8=O)C8=CC=C4)=CC9=C3B2C%10=C(C=CC(C(C)(C)C)=C%10)O9
456,BO-QAD:TAPC,"1-(2,12-di-tert-butyl-5,9-dioxa-13b-boranaphtho[3,2,1-de]anthracen-7-yl)quinolino[3,2,1-de]acridine-5,9-dione",CC(C)(C)C(C=C1)=CC2=C1OC3=CC(C4=C(N(C(C=CC=C5)=C5C6=O)C(C6=CC=C7)=C7C8=O)C8=CC=C4)=CC9=C3B2C%10=C(C=CC(C(C)(C)C)=C%10)O9
457,BO-QAD:m-MTDATA,"1-(2,12-di-tert-butyl-5,9-dioxa-13b-boranaphtho[3,2,1-de]anthracen-7-yl)quinolino[3,2,1-de]acridine-5,9-dione",CC(C)(C)C(C=C1)=CC2=C1OC3=CC(C4=C(N(C(C=CC=C5)=C5C6=O)C(C6=CC=C7)=C7C8=O)C8=CC=C4)=CC9=C3B2C%10=C(C=CC(C(C)(C)C)=C%10)O9
458,N2SOBN,None,CC(C)(C)C(C=C1C2=C3C=CC=C2)=CC4=C1N3C5=CC(C6=CC=C(C7=N[S@](C(C=CC=C8)C8=N7)(C9=CC=CC=C9)=O)C=C6)=CC%10=C5B4C%11=C%12N%10C%13=CC=CC=C%13C%12=CC(C(C)(C)C)=C%11
459,TA-TPA,"14-(4-(bis(4-(tert-butyl)phenyl)amino)phenyl)benzo[4,5]thieno[3,2-a]benzo[4,5]thieno[2,3-c]phenazine-13-carbonitrile",CC(C)(C)C(C=C1)=CC=C1N(C2=CC=C(C(C)(C)C)C=C2)C3=CC=C(C4=CC5=NC(C(C(C=CC=C6)=C6S7)=C7C8=C9C%10=C(C=CC=C%10)S8)=C9N=C5C=C4C#N)C=C3
460,TA-tBu-TPA,"14-(4-(bis(4-(tert-butyl)phenyl)amino)phenyl)-2,9-di-tert-butylbenzo[4,5]thieno[3,2-a]benzo[4,5]thieno[2,3-c]phenazine-13-carbonitrile",CC(C)(C)C(C=C1)=CC=C1N(C2=CC=C(C(C)(C)C)C=C2)C3=CC=C(C4=CC5=NC(C(C(C=C(C(C)(C)C)C=C6)=C6S7)=C7C8=C9C%10=C(C=CC(C(C)(C)C)=C%10)S8)=C9N=C5C=C4C#N)C=C3
461,TA-CN-TPA,"14-(4-(bis(4-(tert-butyl)phenyl)amino)phenyl)benzo[4,5]thieno[3,2-a]benzo[4,5]thieno[2,3-c]phenazine-3,8,13-tricarbonitrile",CC(C)(C)C(C=C1)=CC=C1N(C2=CC=C(C(C)(C)C)C=C2)C3=CC=C(C4=CC5=NC(C(C(C=CC(C#N)=C6)=C6S7)=C7C8=C9C%10=C(C=C(C#N)C=C%10)S8)=C9N=C5C=C4C#N)C=C3
462,BN-1,None,CC(C)(C)C1=CC2=C(C3=C1)N(C4=CC=C(C(C)(C)C)C=C43)C5=CC(C6=NN=C(C(C)(C)C)[Se]6)=CC7=C5B2C(C=C(C(C)(C)C)C=C89)=C8N7C%10=C9C=C(C(C)(C)C)C=C%10
463,BN-2,None,CC(C)(C)C1=CC2=C(C3=C1)N(C4=CC=C(C(C)(C)C)C=C43)C5=CC(C6=NN=C(C7=CC=CC=C7)[Se]6)=CC8=C5B2C(C=C(C(C)(C)C)C=C9%10)=C9N8C%11=C%10C=C(C(C)(C)C)C=C%11
464,None,2-(9H-carbazol-9-yl)-3-(3-methoxy-9H-carbazol-9-yl)-9H-xanthen-9-one,O=C1C2=C(C=C(N3C(C=CC=C4)=C4C5=C3C=CC(OC)=C5)C(N6C(C=CC=C7)=C7C8=C6C=CC=C8)=C2)OC9=CC=CC=C91
465,None,"2-(3,6-di-tert-butyl-9H-carbazol-9-yl)-3-(3-methoxy-9H-carbazol-9-yl)-9H-xanthen-9-one",O=C1C2=C(C=C(N3C(C=CC=C4)=C4C5=C3C=CC(OC)=C5)C(N6C(C=CC(C(C)(C)C)=C7)=C7C8=C6C=CC(C(C)(C)C)=C8)=C2)OC9=CC=CC=C91
466,mCP-DPS-PXZ,10-(4-((4-(9-(4-(9H-carbazol-9-yl)phenyl)-9H-carbazol-3-yl)phenyl)sulfonyl)phenyl)-10H-phenoxazine,O=S(C(C=C1)=CC=C1C(C=C2)=CC3=C2N(C4=C3C=CC=C4)C5=CC=C(N6C(C=CC=C7)=C7C8=C6C=CC=C8)C=C5)(C9=CC=C(N%10C(C=CC=C%11)=C%11OC%12=C%10C=CC=C%12)C=C9)=O
467,mPhDCzDPSPXZ,10-(4-((4-(9-(3-(9H-carbazol-9-yl)phenyl)-9H-carbazol-3-yl)phenyl)sulfonyl)phenyl)-10H-phenoxazine,O=S(C(C=C1)=CC=C1C(C=C2)=CC3=C2N(C4=C3C=CC=C4)C5=CC(N(C6=C7C=CC=C6)C8=C7C=CC=C8)=CC=C5)(C9=CC=C(N%10C(C=CC=C%11)=C%11OC%12=C%10C=CC=C%12)C=C9)=O
468,DCB-DPS-PXZ,10-(4-((4-(9-(4-(9H-carbazol-9-yl)phenyl)-9H-carbazol-3-yl)phenyl)sulfonyl)phenyl)-10H-phenoxazine,O=S(C(C=C1)=CC=C1C(C=C2)=CC3=C2N(C4=C3C=CC=C4)C5=CC=C(N6C(C=CC=C7)=C7C8=C6C=CC=C8)C=C5)(C9=CC=C(N%10C(C=CC=C%11)=C%11OC%12=C%10C=CC=C%12)C=C9)=O
469,Me2AcBO,"10,10'-(propane-2,2-diylbis(5,9-dioxa-13b-boranaphtho[3,2,1-de]anthracene-12,3-diyl))bis(9,9-dimethyl-9,10-dihydroacridine)",CC(C1=CC=C(OC2=C3B4C5=C(C=C(N6C(C=CC=C7)=C7C(C)(C)C8=C6C=CC=C8)C=C5)OC3=CC=C2)C4=C1)(C)C9=CC%10=C(C=C9)OC%11=CC=CC%12=C%11B%10C(C=C%13)=C(O%12)C=C%13N%14C%15=CC=CC=C%15C(C)(C)C%16=C%14C=CC=C%16
470,F2AcBO,"10,10'-((9H-fluorene-9,9-diyl)bis(5,9-dioxa-13b-boranaphtho[3,2,1-de]anthracene-2,11-diyl))bis(9,9-dimethyl-9,10-dihydroacridine)",CC1(C)C2=C(C=CC=C2)N(C3=CC4=C(B5C6=C(C=CC=C6OC7=C5C=C(C8(C(C=CC=C9)=C9C%10=C8C=CC=C%10)C%11=CC=C(OC%12=C%13B%14C%15=C(C=C(N%16C(C=CC=C%17)=C%17C(C)(C)C%18=C%16C=CC=C%18)C=C%15)OC%13=CC=C%12)C%14=C%11)C=C7)O4)C=C3)C%19=CC=CC=C%191
471,tBUAcBO,"10-(2-(tert-butyl)-5,9-dioxa-13b-boranaphtho[3,2,1-de]anthracen-11-yl)-9,9-dimethyl-9,10-dihydroacridine",CC(C)(C)C1=CC2=C(C=C1)OC3=CC=CC4=C3B2C(C=C5)=C(O4)C=C5N6C7=C(C=CC=C7)C(C)(C)C8=C6C=CC=C8
472,BenCN-PXZ,"4-(2-(4-(10H-phenoxazin-10-yl)benzoyl)imidazo[1,2-a]pyridin-3-yl)benzonitrile",O=C(C1=C(C2=CC=C(C#N)C=C2)N3C(C=CC=C3)=N1)C(C=C4)=CC=C4N5C6=CC=CC=C6OC7=C5C=CC=C7
473,BDCN-PXZ,"2-(4-(10H-phenoxazin-10-yl)benzoyl)-3-phenylimidazo[1,2-a]pyridine-7-carbonitrile",O=C(C1=C(C2=CC=CC=C2)N3C(C=C(C#N)C=C3)=N1)C(C=C4)=CC=C4N5C6=C(C=CC=C6)OC7=C5C=CC=C7
474,ME5,"9,9'-(sulfonylbis(4,1-phenylene))bis(3-(naphthalen-2-yl)-9H-carbazole)",O=S(C(C=C1)=CC=C1N2C3=C(C=CC=C3)C4=C2C=CC(C5=CC=C(C=CC=C6)C6=C5)=C4)(C7=CC=C(N8C(C=CC=C9)=C9C%10=C8C=CC(C%11=CC(C=CC=C%12)=C%12C=C%11)=C%10)C=C7)=O
475,ME13,bis(4-(3-(naphthalen-2-yl)-9H-carbazol-9-yl)phenyl)methanone,O=C(C1=CC=C(N2C(C=CC=C3)=C3C4=C2C=CC(C5=CC(C=CC=C6)=C6C=C5)=C4)C=C1)C(C=C7)=CC=C7N8C9=C(C=CC=C9)C%10=C8C=CC(C%11=CC=C(C=CC=C%12)C%12=C%11)=C%10
476,ME9,"9,9'-(sulfonylbis(4,1-phenylene))bis(3-(4-(9H-carbazol-9-yl)phenyl)-9H-carbazole)",O=S(C(C=C1)=CC=C1N2C3=C(C=CC=C3)C4=C2C=CC(C(C=C5)=CC=C5N6C7=C(C=CC=C7)C8=CC=CC=C86)=C4)(C9=CC=C(N%10C(C=CC=C%11)=C%11C%12=C%10C=CC(C%13=CC=C(N%14C(C=CC=C%15)=C%15C%16=C%14C=CC=C%16)C=C%13)=C%12)C=C9)=O
477,DMAC-Cz-TTR,"2-(3,6-bis(9,9-dimethylacridin-10(9H)-yl)-9H-carbazol-9-yl)thianthrene 5,5,10,10-tetraoxide",CC(C)(C1=C(N2C3=CC4=C(N(C5=CC(S(C(C=CC=C6)=C6S7(=O)=O)(=O)=O)=C7C=C5)C8=C4C=C(N9C%10=C(C(C)(C%11=C9C=CC=C%11)C)C=CC=C%10)C=C8)C=C3)C=CC=C1)C%12=C2C=CC=C%12
478,AQ-S-Cz,"2-((4-(9H-carbazol-9-yl)phenyl)thio)anthracene-9,10-dione",O=C1C2=C(C=CC(SC3=CC=C(N4C(C=CC=C5)=C5C6=C4C=CC=C6)C=C3)=C2)C(C7=CC=CC=C71)=O
479,AQ-S-DPA,"2-((4-(diphenylamino)phenyl)thio)anthracene-9,10-dione",O=C1C2=C(C=CC(SC3=CC=C(N(C4=CC=CC=C4)C5=CC=CC=C5)C=C3)=C2)C(C6=CC=CC=C61)=O
480,AQ-S-DMAC,"2-((4-(9,9-dimethylacridin-10(9H)-yl)phenyl)thio)anthracene-9,10-dione",O=C1C2=C(C=CC(SC3=CC=C(N(C4=C5C=CC=C4)C6=C(C5(C)C)C=CC=C6)C=C3)=C2)C(C7=CC=CC=C71)=O
481,TCTA,tris(4-(9H-carbazol-9-yl)phenyl)amine,C1(N2C(C=CC=C3)=C3C4=C2C=CC=C4)=CC=C(N(C5=CC=C(N6C(C=CC=C7)=C7C8=C6C=CC=C8)C=C5)C9=CC=C(N%10C(C=CC=C%11)=C%11C%12=C%10C=CC=C%12)C=C9)C=C1
482,CNSFX,"spiro[fluorene-9,9'-xanthene]-2-carbonitrile",N#CC1=CC2=C(C=C1)C3=CC=CC=C3C24C(C=CC=C5)=C5OC6=C4C=CC=C6
483,DCNSDX,"spiro[fluorene-9,9'-xanthene]-2,7-dicarbonitrile",N#CC1=CC2=C(C=C1)C3=CC=C(C#N)C=C3C24C(C=CC=C5)=C5OC6=C4C=CC=C6
484,TCTA:CNSFX,tris(4-(9H-carbazol-9-yl)phenyl)amine,C1(N2C(C=CC=C3)=C3C4=C2C=CC=C4)=CC=C(N(C5=CC=C(N6C(C=CC=C7)=C7C8=C6C=CC=C8)C=C5)C9=CC=C(N%10C(C=CC=C%11)=C%11C%12=C%10C=CC=C%12)C=C9)C=C1
485,TCTA:DCNSFX,tris(4-(9H-carbazol-9-yl)phenyl)amine,C1(N2C(C=CC=C3)=C3C4=C2C=CC=C4)=CC=C(N(C5=CC=C(N6C(C=CC=C7)=C7C8=C6C=CC=C8)C=C5)C9=CC=C(N%10C(C=CC=C%11)=C%11C%12=C%10C=CC=C%12)C=C9)C=C1
486,TBP-PXZ,"benzene-1,3,5-triyltris((4-(10H-phenoxazin-10-yl)phenyl)methanone)",O=C(C1=CC(C(C2=CC=C(N3C(C=CC=C4)=C4OC5=C3C=CC=C5)C=C2)=O)=CC(C(C6=CC=C(N7C(C=CC=C8)=C8OC9=C7C=CC=C9)C=C6)=O)=C1)C(C=C%10)=CC=C%10N(C(C=CC=C%11)=C%11O%12)C%13=C%12C=CC=C%13
487,DTC-pBPSB,"1,4-bis((4-(3,6-di-tert-butyl-9H-carbazol-9-yl)phenyl)sulfonyl)benzene",O=S(C(C=C1)=CC=C1N2C3=C(C=C(C(C)(C)C)C=C3)C4=C2C=CC(C(C)(C)C)=C4)(C5=CC=C(S(C6=CC=C(N7C(C=CC(C(C)(C)C)=C8)=C8C9=C7C=CC(C(C)(C)C)=C9)C=C6)(=O)=O)C=C5)=O
488,DTC-mBPSB,"1,3-bis((4-(3,6-di-tert-butyl-9H-carbazol-9-yl)phenyl)sulfonyl)benzene",O=S(C(C=C1)=CC=C1N2C3=C(C=C(C(C)(C)C)C=C3)C4=C2C=CC(C(C)(C)C)=C4)(C5=CC=CC(S(C6=CC=C(N7C(C=CC(C(C)(C)C)=C8)=C8C9=C7C=CC(C(C)(C)C)=C9)C=C6)(=O)=O)=C5)=O
489,DOC-mBPSB,"1,3-bis((4-(3,6-dioctyl-9H-carbazol-9-yl)phenyl)sulfonyl)benzene",O=S(C(C=C1)=CC=C1N2C3=C(C=C(CCCCCCCC)C=C3)C4=C2C=CC(CCCCCCCC)=C4)(C5=CC=CC(S(C6=CC=C(N7C(C=CC(CCCCCCCC)=C8)=C8C9=C7C=CC(CCCCCCCC)=C9)C=C6)(=O)=O)=C5)=O
490,DOC-pBPSB ,"1,4-bis((4-(3,6-dioctyl-9H-carbazol-9-yl)phenyl)sulfonyl)benzene",O=S(C(C=C1)=CC=C1N2C3=C(C=C(CCCCCCCC)C=C3)C4=C2C=CC(CCCCCCCC)=C4)(C5=CC=C(S(C6=CC=C(N7C(C=CC(CCCCCCCC)=C8)=C8C9=C7C=CC(CCCCCCCC)=C9)C=C6)(=O)=O)C=C5)=O
491,tBuInPz-BO,"5-(5,9-dioxa-13b-boranaphtho[3,2,1-de]anthracen-7-yl)-7,10-di-tert-butyl-5H-indolo[3,2,1-de]phenazine",CC(C)(C)C1=CC2=C(C3=C1)N(C4=C3C=C(C(C)(C)C)C=C4)C5=C(C=CC=C5)N2C6=CC7=C(C8=C6)B(C(C=CC=C9)=C9O8)C%10=CC=CC=C%10O7
492,InPz-BO,"5-(5,9-dioxa-13b-boranaphtho[3,2,1-de]anthracen-7-yl)-5H-indolo[3,2,1-de]phenazine",C12=CC=CC=C1OC3=C4B2C(C=CC=C5)=C5OC4=CC(N6C(C=CC=C7)=C7N8C9=C6C=CC=C9C%10=C8C=CC=C%10)=C3
493,DTSF-2-DP-TRZ,"2-(2',7'-di-tert-butyl-9,9'-spirobi[fluoren]-2-yl)-4,6-diphenyl-1,3,5-triazine",CC(C)(C)C(C=C1)=CC2=C1C(C=CC(C(C)(C)C)=C3)=C3C42C5=C(C=CC(C6=NC(C7=CC=CC=C7)=NC(C8=CC=CC=C8)=N6)=C5)C9=CC=CC=C94
494,DTSF-2-DP-TRZ:BCF,"2-(2',7'-di-tert-butyl-9,9'-spirobi[fluoren]-2-yl)-4,6-diphenyl-1,3,5-triazine",CC(C)(C)C(C=C1)=CC2=C1C(C=CC(C(C)(C)C)=C3)=C3C42C5=C(C=CC(C6=NC(C7=CC=CC=C7)=[N](B(C8=C(F)C(F)=C(F)C(F)=C8F)(C9=C(F)C(F)=C(F)C(F)C9F)C%10=C(F)C(F)=C(F)C(F)=C%10F)C(C%11=CC=CC=C%11)=N6)=C5)C%12=CC=CC=C%124
495,1PXZP,10-(4-(9-methyl-9H-purin-6-yl)phenyl)-10H-phenoxazine,CN(C=N1)C2=C1C(C(C=C3)=CC=C3N4C5=C(C=CC=C5)OC6=CC=CC=C64)=NC=N2
496,2PXZP,"10,10'-((9-methyl-9H-purine-2,6-diyl)bis(4,1-phenylene))bis(10H-phenoxazine)",CN(C=N1)C2=C1C(C(C=C3)=CC=C3N4C5=C(C=CC=C5)OC6=CC=CC=C64)=NC(C7=CC=C(N8C(C=CC=C9)=C9OC%10=C8C=CC=C%10)C=C7)=N2
497,PXZ-Ph-PyTRZ,"10-(4'-(4,6-di(pyridin-3-yl)-1,3,5-triazin-2-yl)-[1,1'-biphenyl]-4-yl)-10H-phenoxazine",C12=CC=CC=C1N(C3=CC=C(C4=CC=C(C5=NC(C6=CN=CC=C6)=NC(C7=CC=CN=C7)=N5)C=C4)C=C3)C8=C(C=CC=C8)O2
498,PXZ-PyTRZ ,"10-(4-(4,6-di(pyridin-3-yl)-1,3,5-triazin-2-yl)phenyl)-10H-phenoxazine",N1(C(C=CC=C2)=C2OC3=C1C=CC=C3)C4=CC=C(C5=NC(C6=CN=CC=C6)=NC(C7=CC=CN=C7)=N5)C=C4
499,TXO-P-Si,"2-(4-(triphenylsilyl)phenyl)-9H-thioxanthen-9-one 10,10-dioxide",O=C(C1=C2C=CC(C3=CC=C([Si](C4=CC=CC=C4)(C5=CC=CC=C5)C6=CC=CC=C6)C=C3)=C1)C7=C(C=CC=C7)S2(=O)=O
500,TXO-P-Si:PPO21,"2-(4-(triphenylsilyl)phenyl)-9H-thioxanthen-9-one 10,10-dioxide",O=S1(C(C=CC=C2)=C2C(C3=C1C=CC(C4=CC=C([Si](C5=CC=CC=C5)(C6=CC=CC=C6)C7=CC=CC=C7)C=C4)=C3)=O)=O
501,mCP:TXO-P-Si,"2-(4-(triphenylsilyl)phenyl)-9H-thioxanthen-9-one 10,10-dioxide",O=S1(C(C=CC=C2)=C2C(C3=C1C=CC(C4=CC=C([Si](C5=CC=CC=C5)(C6=CC=CC=C6)C7=CC=CC=C7)C=C4)=C3)=O)=O
502,"3,5-DCzPPy:TXO-P-Si","2-(4-(triphenylsilyl)phenyl)-9H-thioxanthen-9-one 10,10-dioxide",O=S1(C(C=CC=C2)=C2C(C3=C1C=CC(C4=CC=C([Si](C5=CC=CC=C5)(C6=CC=CC=C6)C7=CC=CC=C7)C=C4)=C3)=O)=O
503,CBP:TXO-P-Si,"2-(4-(triphenylsilyl)phenyl)-9H-thioxanthen-9-one 10,10-dioxide",O=S1(C(C=CC=C2)=C2C(C3=C1C=CC(C4=CC=C([Si](C5=CC=CC=C5)(C6=CC=CC=C6)C7=CC=CC=C7)C=C4)=C3)=O)=O
504,mCP: TXO-P-Si,"2-(4-(triphenylsilyl)phenyl)-9H-thioxanthen-9-one 10,10-dioxide",O=S1(C(C=CC=C2)=C2C(C3=C1C=CC(C4=CC=C([Si](C5=CC=CC=C5)(C6=CC=CC=C6)C7=CC=CC=C7)C=C4)=C3)=O)=O
505,12BTCzTPN,"2-(12H-benzo[4,5]thieno[2,3-a]carbazol-12-yl)-5-(7H-benzo[4,5]thieno[2,3-b]carbazol-7-yl)-3,6-di(9H-carbazol-9-yl)terephthalonitrile",N#CC1=C(N2C(C=C(SC3=C4C=CC=C3)C4=C5)=C5C6=C2C=CC=C6)C(N7C(C=CC=C8)=C8C9=C7C=CC=C9)=C(C#N)C(N%10C(C(SC%11=C%12C=CC=C%11)=C%12C=C%13)=C%13C%14=C%10C=CC=C%14)=C1N%15C(C=CC=C%16)=C%16C%17=C%15C=CC=C%17
506,SDPS,"2,2',7-tris(9-phenyl-9H-carbazol-3-yl)-7'-(9-phenyl-9H-carbazol-4-yl)-9,9'-spirobi[thioxanthene] 10,10,10',10'-tetraoxide",O=S1(C(C=C2)=C(C(C(C=C(C3=CC=C(N(C4=CC=CC=C4)C5=C6C=CC=C5)C6=C3)C=C7)=C7S8(=O)=O)(C9=C8C=CC(C%10=CC(C(C=CC=C%11)=C%11N%12C%13=CC=CC=C%13)=C%12C=C%10)=C9)C%14=C1C=CC(C%15=CC=CC%16=C%15C%17=C(C=CC=C%17)N%16C%18=CC=CC=C%18)=C%14)C=C2C%19=CC(C%20=C%21C=CC=C%20)=C(C=C%19)N%21C%22=CC=CC=C%22)=O
507,3ICz-Tr,"1,3,5-tris(5-(4-(4,6-diphenyl-1,3,5-triazin-2-yl)phenyl)-7,7-dimethyl-5,7-dihydroindeno[2,1-b]carbazol-2-yl)benzene",CC(C1=C2C=CC=C1)(C)C(C2=C3)=CC4=C3C(C=C(C5=CC(C6=CC=C(N(C7=CC=C(C8=NC(C9=CC=CC=C9)=NC(C%10=CC=CC=C%10)=N8)C=C7)C%11=C%12C=C%13C(C(C)(C)C%14=C%13C=CC=C%14)=C%11)C%12=C6)=CC(C%15=CC=C(N(C%16=CC=C(C%17=NC(C%18=CC=CC=C%18)=NC(C%19=CC=CC=C%19)=N%17)C=C%16)C%20=C%21C=C%22C(C(C)(C)C%23=C%22C=CC=C%23)=C%20)C%21=C%15)=C5)C=C%24)=C%24N4C(C=C%25)=CC=C%25C%26=NC(C%27=CC=CC=C%27)=NC(C%28=CC=CC=C%28)=N%26
508,Tri-tNID,"6,6',6''-(benzene-1,3,5-triyltris(7,7-dimethyl-13,13-diphenyl-7,13-dihydro-5H-indeno[1,2-b]acridine-2,5-diyl))tris(2-(4-(tert-butyl)phenyl)-1H-benzo[de]isoquinoline-1,3(2H)-dione)",CC(C1=C2C=CC=C1)(C)C(C2=C3)=CC4=C3C(C5=CC=CC=C5)(C6=CC=CC=C6)C7=CC(C8=CC(C9=CC(C(C%10=CC=CC=C%10)(C%11=CC=CC=C%11)C(C=C(C(C=CC=C%12)=C%12C%13(C)C)C%13=C%14)=C%14N%15C%16=C(C=CC=C%17C(N(C%18=CC=C(C(C)(C)C)C=C%18)C%19=O)=O)C%17=C%19C=C%16)=C%15C=C9)=CC(C%20=CC=C(N(C%21=C(C=CC=C%22C(N(C%23=CC=C(C(C)(C)C)C=C%23)C%24=O)=O)C%22=C%24C=C%21)C(C=C(C(C)(C)C%25=C%26C=CC=C%25)C%26=C%27)=C%27C%28(C%29=CC=CC=C%29)C%30=CC=CC=C%30)C%28=C%20)=C8)=CC=C7N4C%31=CC=C(C(N%32C%33=CC=C(C(C)(C)C)C=C%33)=O)C%34=C%31C=CC=C%34C%32=O
509,ICz-Tr,"5-(4-(4,6-diphenyl-1,3,5-triazin-2-yl)phenyl)-7,7-dimethyl-5,7-dihydroindeno[2,1-b]carbazole",CC(C1=C2C=CC=C1)(C)C(C2=C3)=CC4=C3C(C=CC=C5)=C5N4C6=CC=C(C7=NC(C8=CC=CC=C8)=NC(C9=CC=CC=C9)=N7)C=C6
510,"4,5-TXO-PhCz","5-(3,6-dinitro-9H-carbazol-9-yl)isoindoline-1,3-dione",O=C1C2=C(C=C(N3C(C=CC([N+]([O-])=O)=C4)=C4C5=C3C=CC([N+]([O-])=O)=C5)C=C2)C(N1)=O
511,"4,5-TXO-PhCz","5-(9H-carbazol-9-yl)isoindoline-1,3-dione",O=C1C2=C(C=C(N3C(C=CC=C4)=C4C5=C3C=CC=C5)C=C2)C(N1)=O
512,None,"5-(3,6-dinitro-9H-carbazol-9-yl)isoindoline-1,3-dione",O=C1C2=C(C=C(N3C(C=CC([N+]([O-])=O)=C4)=C4C5=C3C=CC([N+]([O-])=O)=C5)C=C2)C(N1)=O
513,None,"5-(9H-carbazol-9-yl)isoindoline-1,3-dione",O=C1C2=C(C=C(N3C(C=CC=C4)=C4C5=C3C=CC=C5)C=C2)C(N1)=O
514,None,"5-(3,6-diphenyl-9H-carbazol-9-yl)isoindoline-1,3-dione",O=C1C2=C(C=C(N3C(C=CC(C4=CC=CC=C4)=C5)=C5C6=C3C=CC(C7=CC=CC=C7)=C6)C=C2)C(N1)=O
515,None,"5-(9H-[3,9'-bicarbazol]-9-yl)isoindoline-1,3-dione",O=C1C2=C(C=C(N3C(C=CC(N4C(C=CC=C5)=C5C6=C4C=CC=C6)=C7)=C7C8=C3C=CC=C8)C=C2)C(N1)=O
516,None,"5-(9'H-[9,3':6',9''-tercarbazol]-9'-yl)isoindoline-1,3-dione",O=C1C2=C(C=C(N3C(C=CC(N4C(C=CC=C5)=C5C6=C4C=CC=C6)=C7)=C7C8=C3C=CC(N9C(C=CC=C%10)=C%10C%11=C9C=CC=C%11)=C8)C=C2)C(N1)=O
517,CNTRZSEID,"(M)-2-(10H-benzo[4,5]selenopheno[3,2-b]indol-10-yl)-5-(4,6-diphenyl-1,3,5-triazin-2-yl)benzonitrile",N#CC1=CC(C2=NC(C3=CC=CC=C3)=NC(C4=CC=CC=C4)=N2)=CC=[C@]1N5C(C=CC=C6)=C6C7=C5C8=C(C=CC=C8)[Se]7
518,TRZSEID,"10-(4-(4,6-diphenyl-1,3,5-triazin-2-yl)phenyl)-10H-benzo[4,5]selenopheno[3,2-b]indole",C1(C2=NC(C3=CC=C(N4C(C=CC=C5)=C5C6=C4C7=C(C=CC=C7)[Se]6)C=C3)=NC(C8=CC=CC=C8)=N2)=CC=CC=C1
519,DPCzIQCN,"4,4'-(6-(4-(tert-butyl)phenyl)-8-(3,6-diphenyl-9H-carbazol-9-yl)-6H-indolo[2,3-b]quinoxaline-2,3-diyl)dibenzonitrile",N#CC(C=C1)=CC=C1C2=CC3=NC(N4C5=CC=C(C(C)(C)C)C=C5)=C(N=C3C=C2C6=CC=C(C#N)C=C6)C(C4=C7)=CC=C7N8C9=C(C=C(C%10=CC=CC=C%10)C=C9)C%11=C8C=CC(C%12=CC=CC=C%12)=C%11
520,TPAIQCN,"4,4'-(6-(4-(tert-butyl)phenyl)-8-(4-(diphenylamino)phenyl)-6H-indolo[2,3-b]quinoxaline-2,3-diyl)dibenzonitrile",N#CC(C=C1)=CC=C1C2=CC3=NC4=C(N=C3C=C2C5=CC=C(C#N)C=C5)C6=CC=C(C7=CC=C(N(C8=CC=CC=C8)C9=CC=CC=C9)C=C7)C=C6N4C%10=CC=C(C(C)(C)C)C=C%10
521,MeOTPAIQCN-1,"4,4'-(8-(4-(bis(4-methoxyphenyl)amino)phenyl)-6-(4-(tert-butyl)phenyl)-6H-indolo[2,3-b]quinoxaline-2,3-diyl)dibenzonitrile",N#CC(C=C1)=CC=C1C2=CC3=NC4=C(N=C3C=C2C5=CC=C(C#N)C=C5)C6=CC=C(C7=CC=C(N(C8=CC=C(OC)C=C8)C9=CC=C(OC)C=C9)C=C7)C=C6N4C%10=CC=C(C(C)(C)C)C=C%10
522,MeOTPAIQCN-2,"4,4'-(8-(4-(bis(4-methoxyphenyl)amino)phenyl)-6-(4-(diphenylamino)phenyl)-6H-indolo[2,3-b]quinoxaline-2,3-diyl)dibenzonitrile",N#CC(C=C1)=CC=C1C2=CC3=NC4=C(N=C3C=C2C5=CC=C(C#N)C=C5)C6=CC=C(C7=CC=C(N(C8=CC=C(OC)C=C8)C9=CC=C(OC)C=C9)C=C7)C=C6N4C%10=CC=C(N(C%11=CC=CC=C%11)C%12=CC=CC=C%12)C=C%10
523,None,"dithieno[2,3-a:3',2'-c]phenazine",C12=NC3=C(C=CC=C3)N=C1C4=C(C=CS4)C5=C2SC=C5
524,None,"N,N-diphenyldithieno[2,3-a:3',2'-c]phenazin-9-amine",C12=NC3=C(C=CC(N(C4=CC=CC=C4)C5=CC=CC=C5)=C3)N=C1C6=C(C=CS6)C7=C2SC=C7
525,None,"N-(naphthalen-1-yl)-N-phenyldithieno[2,3-a:3',2'-c]phenazin-9-amine",C12=NC3=C(C=CC(N(C4=C(C=CC=C5)C5=CC=C4)C6=CC=CC=C6)=C3)N=C1C7=C(C=CS7)C8=C2SC=C8
526,None,"N,N-bis(4-methoxyphenyl)dithieno[2,3-a:3',2'-c]phenazin-9-amine",COC(C=C1)=CC=C1N(C2=CC=C(OC)C=C2)C3=CC4=C(C=C3)N=C5C(C(SC=C6)=C6C7=C5SC=C7)=N4
527,None,"N-(4-nitrophenyl)-N-phenyldithieno[2,3-a:3',2'-c]phenazin-9-amine",O=[N+](C(C=C1)=CC=C1N(C2=CC=CC=C2)C3=CC4=C(C=C3)N=C5C(C(SC=C6)=C6C7=C5SC=C7)=N4)[O-]
528,None,"9-(9H-carbazol-9-yl)dithieno[2,3-a:3',2'-c]phenazine",C12=NC3=C(C=CC(N4C5=CC=CC=C5C6=C4C=CC=C6)=C3)N=C1C7=C(C=CS7)C8=C2SC=C8
529,None,"9-(10H-phenothiazin-10-yl)dithieno[2,3-a:3',2'-c]phenazine",C12=NC3=C(C=CC(N4C5=CC=CC=C5SC6=C4C=CC=C6)=C3)N=C1C7=C(C=CS7)C8=C2SC=C8
530,None,"4-(dithieno[2,3-a:3',2'-c]phenazin-9-yl)morpholine",C12=NC3=C(C=CC(N4CCOCC4)=C3)N=C1C5=C(C=CS5)C6=C2SC=C6
531,DCPPrTPA,"7,10-bis(4-(diphenylamino)phenyl)pyrazino[2,3-f][1,10]phenanthroline-2,3-dicarbonitrile",N#CC(C(C#N)=N1)=NC2=C1C(C=CC(C3=CC=C(N(C4=CC=CC=C4)C5=CC=CC=C5)C=C3)=N6)=C6C7=C2C=CC(C8=CC=C(N(C9=CC=CC=C9)C%10=CC=CC=C%10)C=C8)=N7
532,DCPPTPA,"7,10-bis(4-(diphenylamino)phenyl)dibenzo[f,h]quinoxaline-2,3-dicarbonitrile",N#CC(C(C#N)=N1)=NC2=C1C(C=CC(C3=CC=C(N(C4=CC=CC=C4)C5=CC=CC=C5)C=C3)=C6)=C6C7=C2C=CC(C8=CC=C(N(C9=CC=CC=C9)C%10=CC=CC=C%10)C=C8)=C7
533,BCz-BN,None,CC(C)(C)C1=CC2=C(C3=C1)N(CC4B2C5=CC(C(C)(C)C)=CC6=C5N(C7=C6C=C(C(C)(C)C)C=C7)C4)C8=C3C=C(C(C)(C)C)C=C8
534,BN-Ph-BN,None,CC(C)(C)C1=CC2=C(C3=C1)N(C4=CC(C5=CC=C(C6=CC(N7C(C8=CC(C(C)(C)C)=C9)=C9C%10=C7C=CC(C(C)(C)C)=C%10)=C(B8C%11=CC(C(C)(C)C)=CC%12=C%11N%13C%14=C%12C=C(C(C)(C)C)C=C%14)C%13=C6)C=C5)=CC%15=C4B2C%16=CC(C(C)(C)C)=CC%17=C%16N%15C%18=C%17C=C(C(C)(C)C)C=C%18)C%19=C3C=C(C(C)(C)C)C=C%19
535,BN-2MePh-BN,None,CC(C)(C)C1=CC2=C(C3=C1)N(C4=CC(C5=C(C)C=C(C6=CC(N7C(C8=CC(C(C)(C)C)=C9)=C9C%10=C7C=CC(C(C)(C)C)=C%10)=C(B8C%11=CC(C(C)(C)C)=CC%12=C%11N%13C%14=C%12C=C(C(C)(C)C)C=C%14)C%13=C6)C(C)=C5)=CC%15=C4B2C%16=CC(C(C)(C)C)=CC%17=C%16N%15C%18=C%17C=C(C(C)(C)C)C=C%18)C%19=C3C=C(C(C)(C)C)C=C%19
536,None,2-(4-(10H-phenothiazin-10-yl)phenyl)quinoxaline-6-carbonitrile,N#CC1=CC=C(N=C(C2=CC=C(N3C(C=CC=C4)=C4SC5=C3C=CC=C5)C=C2)C=N6)C6=C1
537,None,2-(4-(10H-phenoxazin-10-yl)phenyl)quinoxaline-6-carbonitrile,N#CC1=CC=C(N=C(C2=CC=C(N3C(C=CC=C4)=C4OC5=C3C=CC=C5)C=C2)C=N6)C6=C1
538,None,"2-(4-(2,7-di-tert-butyl-9,9-dimethylacridin-10(9H)-yl)phenyl)quinoxaline-6-carbonitrile",CC(C1=C2C=CC(C(C)(C)C)=C1)(C)C3=C(C=CC(C(C)(C)C)=C3)N2C(C=C4)=CC=C4C5=NC6=CC=C(C#N)C=C6N=C5
539,None,"3,6-di-tert-butyl-9-(4-(quinoxalin-2-yl)phenyl)-9H-carbazole",CC(C)(C)C(C=C1)=CC2=C1N(C3=C2C=C(C(C)(C)C)C=C3)C(C=C4)=CC=C4C5=NC6=CC=CC=C6N=C5
540,Me-t-DABNA-SF,"9-(2-(9,9'-spirobi[fluoren]-3-yl)-4-(tert-butyl)phenyl)-2,12-di-tert-butyl-5-(4-(tert-butyl)phenyl)-7-methyl-5,9-dihydro-5,9-diaza-13b-boranaphtho[3,2,1-de]anthracene",CC1=CC2=C(C(N(C3=CC=C(C(C)(C)C)C=C3C4=CC=C(C5(C(C=CC=C6)=C6C7=C5C=CC=C7)C8=C9C=CC=C8)C9=C4)C%10=C%11C=C(C(C)(C)C)C=C%10)=C1)B%11C%12=C(N2C%13=CC=C(C(C)(C)C)C=C%13)C=CC(C(C)(C)C)=C%12
541,CZ-MPS,"2,7-bis(3,6-di-tert-butyl-9H-carbazol-9-yl)-9,9-dimethyl-9H-thioxanthene 10,10-dioxide",CC1(C)C2=C(C=CC(N3C(C=CC(C(C)(C)C)=C4)=C4C5=C3C=CC(C(C)(C)C)=C5)=C2)S(C(C1=C6)=CC=C6N7C8=C(C=C(C(C)(C)C)C=C8)C9=C7C=CC(C(C)(C)C)=C9)(=O)=O
542,CZ-MPSPO,"2,7-bis(3,6-di-tert-butyl-9H-carbazol-9-yl)-4-(diphenylphosphoryl)-9,9-dimethyl-9H-thioxanthene 10,10-dioxide",CC1(C)C2=C(C(P(C3=CC=CC=C3)(C4=CC=CC=C4)=O)=CC(N5C(C=CC(C(C)(C)C)=C6)=C6C7=C5C=CC(C(C)(C)C)=C7)=C2)S(C(C1=C8)=CC=C8N9C%10=C(C=C(C(C)(C)C)C=C%10)C%11=C9C=CC(C(C)(C)C)=C%11)(=O)=O
543,Br-TPA,"5-bromo-11-(4-((4-(tert-butyl)cyclohexa-1,5-dien-1-yl)(4-(tert-butyl)phenyl)amino)phenyl)benzo[a]pyrido[2,3-c]phenazine-12-carbonitrile",CC(C)(C)C(C=C1)=CC=C1N(C2=CCC(C(C)(C)C)C=C2)C(C=C3)=CC=C3C(C(C#N)=C4)=CC(C4=N5)=NC6=C5C(C=CC=N7)=C7C8=C6C=CC=C8Br
544,CN-TPA,"11-(4-((4-(tert-butyl)cyclohexa-1,5-dien-1-yl)(4-(tert-butyl)phenyl)amino)phenyl)benzo[a]pyrido[2,3-c]phenazine-5,12-dicarbonitrile",CC(C)(C)C(C=C1)=CC=C1N(C2=CCC(C(C)(C)C)C=C2)C(C=C3)=CC=C3C(C(C#N)=C4)=CC(C4=N5)=NC6=C5C(C=CC=N7)=C7C8=C6C=CC=C8C#N
545,BF2-TPA,"11-(4-((4-(tert-butyl)cyclohexa-1,5-dien-1-yl)(4-(tert-butyl)phenyl)amino)phenyl)-4,4-difluoro-5-phenyl-4,5-dihydro-3al4,5,9,14-tetraaza-4l4-boradibenzo[de,qr]tetracene-12-carbonitrile",CC(C)(C)C(C=C1)=CC=C1N(C2=CCC(C(C)(C)C)C=C2)C(C=C3)=CC=C3C(C(C#N)=C4)=CC(C4=N5)=NC6=C5C7=C8C9=C6C=CC=C9N(C%10=CC=CC=C%10)[B-](F)(F)[N+]8=CC=C7
546,BIPH-TPA,"2,3,6,7-tetra([1,1'-biphenyl]-2-yl)-12-(4-(diphenylamino)phenyl)dibenzo[a,c]phenazine-11-carbonitrile",N#CC(C(C(C=C1)=CC=C1N(C2=CC=CC=C2)C3=CC=CC=C3)=C4)=CC5=C4N=C(C(C=C(C6=C(C7=CC=CC=C7)C=CC=C6)C(C8=C(C9=CC=CC=C9)C=CC=C8)=C%10)=C%10C%11=C%12C=C(C%13=CC=CC=C%13C%14=CC=CC=C%14)C(C%15=CC=CC=C%15C%16=CC=CC=C%16)=C%11)C%12=N5
547,NA-TPA,"12-(4-(diphenylamino)phenyl)-2,3,6,7-tetra(naphthalen-1-yl)dibenzo[a,c]phenazine-11-carbonitrile",N#CC(C(C(C=C1)=CC=C1N(C2=CC=CC=C2)C3=CC=CC=C3)=C4)=CC5=C4N=C(C(C=C(C6=C(C=CC=C7)C7=CC=C6)C(C8=C(C=CC=C9)C9=CC=C8)=C%10)=C%10C%11=C%12C=C(C%13=CC=CC%14=C%13C=CC=C%14)C(C%15=CC=CC%16=C%15C=CC=C%16)=C%11)C%12=N5
548,oTPA-PPP,"N,N-diphenyl-4-(pyrido[2',3':5,6]pyrazino[2,3-f][1,10]phenanthrolin-11-yl)aniline",C1(N(C2=CC=CC=C2)C3=CC=C(C4=NC(N=C(C(C=CC=N5)=C5C6=C7C=CC=N6)C7=N8)=C8C=C4)C=C3)=CC=CC=C1
549,mTPA-PPP,"N,N-diphenyl-4-(pyrido[2',3':5,6]pyrazino[2,3-f][1,10]phenanthrolin-12-yl)aniline",C1(N(C2=CC=CC=C2)C3=CC=C(C4=CC(N=C(C(C=CC=N5)=C5C6=C7C=CC=N6)C7=N8)=C8N=C4)C=C3)=CC=CC=C1
550,TtBCz-Trz,"2,4,6-tris(2-(3,6-di-tert-butyl-9H-carbazol-9-yl)phenyl)-1,3,5-triazine",CC(C)(C)C1=CC2=C(N(C3=CC=CC=C3C4=NC(C5=CC=CC=C5N6C(C=CC(C(C)(C)C)=C7)=C7C8=C6C=CC(C(C)(C)C)=C8)=NC(C9=C(N%10C(C=CC(C(C)(C)C)=C%11)=C%11C%12=C%10C=CC(C(C)(C)C)=C%12)C=CC=C9)=N4)C%13=C2C=C(C(C)(C)C)C=C%13)C=C1
551,3Cz2BN,"2,2'-bis(3,6-di-tert-butyl-9H-carbazol-9-yl)-4-(3,6-di-tert-butyl-9H-fluoren-9-yl)-[1,1'-biphenyl]-3,3'-dicarbonitrile",CC(C)(C)C1=CC(C2=C3C=CC(C(C)(C)C)=C2)=C(C=C1)N3C(C(C#N)=CC=C4)=C4C(C(N5C(C=CC(C(C)(C)C)=C6)=C6C7=C5C=CC(C(C)(C)C)=C7)=C8C#N)=CC=C8C9C%10=C(C=C(C(C)(C)C)C=C%10)C%11=C9C=CC(C(C)(C)C)=C%11
552,DCzPO,"9,9'-(2-(diphenylphosphaneyl)-1,3-phenylene)bis(9H-carbazole)",C1(N2C(C=CC=C3)=C3C4=C2C=CC=C4)=CC=CC(N5C(C=CC=C6)=C6C7=C5C=CC=C7)=C1P(C8=CC=CC=C8)C9=CC=CC=C9
553,BFDBFID,"5-phenyl-5,12-dihydroindolo[3,2-a]carbazole",C1(C(C=CC2=C3C4=C(C=CC=C4)N2C5=CC=CC=C5)=C3N6)=C6C=CC=C1
554,BFDBFBC,"5-(9-phenyl-9H-carbazol-3-yl)-5,12-dihydroindolo[3,2-a]carbazole",C1(C(C=CC2=C3C4=C(C=CC=C4)N2C5=CC=C(N(C6=CC=CC=C6)C7=C8C=CC=C7)C8=C5)=C3N9)=C9C=CC=C1
555,MBF,"10-(4-(1,1-difluoro-3-phenyl-1H-1l4,9l4-pyrimido[1,6-c][1,3,2]oxazaborinin-6-yl)phenyl)-10H-phenoxazine",F[B-](O1)(F)[N+]2=C(C=C(C3=CC=C(N4C(C=CC=C5)=C5OC6=C4C=CC=C6)C=C3)N=C2)C=C1C7=CC=CC=C7
556,MPA,(Z)-2-(6-(4-(10H-phenoxazin-10-yl)phenyl)pyrimidin-4-yl)-1-phenylethen-1-ol,O/C(C1=CC=CC=C1)=C\C2=NC=NC(C3=CC=C(N4C(C=CC=C5)=C5OC6=C4C=CC=C6)C=C3)=C2
557,BBFCz,"5,5'-(4-(2,12-di-tert-butyl-5,9-dioxa-13b-boranaphtho[3,2,1-de]anthracen-7-yl)-1,3-phenylene)bis(5H-benzofuro[3,2-c]carbazole)",CC(C)(C)C1=CC2=C(OC3=C4B2C5=C(C=CC(C(C)(C)C)=C5)OC4=CC(C6=CC=C(N7C(C=CC8=C9OC%10=C8C=CC=C%10)=C9C%11=C7C=CC=C%11)C=C6N%12C(C=CC%13=C%14OC%15=C%13C=CC=C%15)=C%14C%16=C%12C=CC=C%16)=C3)C=C1
558,BICz,"5,5'-(4-(2,12-di-tert-butyl-5,9-dioxa-13b-boranaphtho[3,2,1-de]anthracen-7-yl)-1,3-phenylene)bis(7,7-dimethyl-5,7-dihydroindeno[2,1-b]carbazole)",CC(C)(C)C1=CC2=C(OC3=C4B2C5=C(C=CC(C(C)(C)C)=C5)OC4=CC(C6=CC=C(N7C(C=C(C(C)(C)C8=C9C=CC=C8)C9=C%10)=C%10C%11=C7C=CC=C%11)C=C6N%12C(C=C(C(C)(C)C%13=C%14C=CC=C%13)C%14=C%15)=C%15C%16=C%12C=CC=C%16)=C3)C=C1
559,?-2DMAC-DBP,"10,13-bis(9,9-dimethylacridin-10(9H)-yl)dibenzo[a,c]phenazine",CC(C1=C2C=CC=C1)(C)C3=C(C=CC=C3)N2C(C4=C5N=C6C(C(C=CC=C7)=C7C8=C6C=CC=C8)=N4)=CC=C5N(C(C=CC=C9)=C9C%10(C)C)C%11=C%10C=CC=C%11
560,?-DMAC-DBP,"10-(9,9-dimethylacridin-10(9H)-yl)dibenzo[a,c]phenazine",CC1(C)C2=C(C=CC=C2)N(C3=CC=CC4=C3N=C5C(C(C=CC=C6)=C6C7=C5C=CC=C7)=N4)C8=C1C=CC=C8
561,?-DMAC-DBP,"11-(9,9-dimethylacridin-10(9H)-yl)dibenzo[a,c]phenazine",CC1(C)C2=C(C=CC=C2)N(C3=CC=C(N=C(C(C=CC=C4)=C4C5=C6C=CC=C5)C6=N7)C7=C3)C8=C1C=CC=C8
562,?-DI-DBP,"5-(dibenzo[a,c]phenazin-11-yl)-10,15-diphenyl-10,15-dihydro-5H-diindolo[3,2-a:3',2'-c]carbazole",N1(C(C=CC=C2)=C2C3=C1C4=C(N(C5=CC=CC=C5)C6=C4C=CC=C6)C7=C3N(C8=CC=CC=C8)C9=C7C=CC=C9)C%10=CC=C(N=C(C(C=CC=C%11)=C%11C%12=C%13C=CC=C%12)C%13=N%14)C%14=C%10
563,DHID-DPS,"10,10'-(sulfonylbis(4,1-phenylene))bis(5-ethyl-5,10-dihydroindolo[3,2-b]indole)",CCN1C2=C(C=CC=C2)C3=C1C(C=CC=C4)=C4N3C(C=C5)=CC=C5S(C6=CC=C(N7C(C=CC=C8)=C8C9=C7C%10=C(C=CC=C%10)N9CC)C=C6)(=O)=O
564,DHID-DBS,"10,10'-(sulfonylbis(4,1-phenylene))bis(5-butyl-5,10-dihydroindolo[3,2-b]indole)",O=S(C1=CC=C(N2C(C=CC=C3)=C3C4=C2C5=C(C=CC=C5)N4CCCC)C=C1)(C6=CC=C(N7C(C(C=CC=C8)=C8N9CCCC)=C9C%10=C7C=CC=C%10)C=C6)=O
565,DBBPZ-DPXZ,"10,10'-(11,12-diphenyldibenzo[a,c]phenazine-3,6-diyl)bis(10H-phenoxazine)",C1(C2=CC(N=C(C(C=CC(N3C(C=CC=C4)=C4OC5=C3C=CC=C5)=C6)=C6C7=C8C=CC(N9C(C=CC=C%10)=C%10OC%11=C9C=CC=C%11)=C7)C8=N%12)=C%12C=C2C%13=CC=CC=C%13)=CC=CC=C1
566,2DBT-BZ-2Cz,"(9H,9'H-[3,3'-bicarbazole]-9,9'-diylbis(4,1-phenylene))bis(dibenzo[b,d]thiophen-2-ylmethanone)",O=C(C1=CC=C(SC2=C3C=CC=C2)C3=C1)C(C=C4)=CC=C4N5C6=C(C=CC=C6)C7=C5C=CC(C(C=C8)=CC9=C8N(C%10=C9C=CC=C%10)C(C=C%11)=CC=C%11C(C%12=CC%13=C(C=C%12)SC%14=C%13C=CC=C%14)=O)=C7
567,2DFT-BZ-2Cz,"(9H,9'H-[3,3'-bicarbazole]-9,9'-diylbis(4,1-phenylene))bis(dibenzo[b,d]furan-2-ylmethanone)",O=C(C1=CC=C(OC2=C3C=CC=C2)C3=C1)C(C=C4)=CC=C4N5C6=C(C=CC=C6)C7=C5C=CC(C(C=C8)=CC9=C8N(C%10=C9C=CC=C%10)C(C=C%11)=CC=C%11C(C%12=CC%13=C(C=C%12)OC%14=C%13C=CC=C%14)=O)=C7
568,BPy-DMAC,"7-(9,9-dimethylacridin-10(9H)-yl)-5,9,13b-triphenyl-9,13b-dihydro-5H-5,5a1l4,9-triaza-13bl4-boranaphtho[3,2,1-de]anthracene",CC(C1=C2C=CC=C1)(C)C3=C(C=CC=C3)N2C4=CC5=[N+](C(N(C6=CC=CC=C6)C7=C8C=CC=C7)=C4)[B-]8(C(C=CC=C9)=C9N5C%10=CC=CC=C%10)C%11=CC=CC=C%11
569,BPy-PXZ,"10-(5,9,13b-triphenyl-9,13b-dihydro-5H-5,5a1l4,9-triaza-13bl4-boranaphtho[3,2,1-de]anthracen-7-yl)-10H-phenoxazine",C1([B-]23[N+](C(N(C4=CC=CC=C4)C5=C3C=CC=C5)=CC(N6C(C=CC=C7)=C7OC8=C6C=CC=C8)=C9)=C9N(C%10=CC=CC=C%10)C%11=C2C=CC=C%11)=CC=CC=C1
570,4CzCNPy,"(2r,3r,5r,6s)-2,3,5,6-tetra(9H-carbazol-9-yl)isonicotinonitrile",N#CC1=[C@@]([N@@]2C(C=CC=C3)=C3C4=C2C=CC=C4)[C@@]([N@@]5C(C=CC=C6)=C6C7=C5C=CC=C7)=N[C@]([N@]8C(C=CC=C9)=C9C%10=C8C=CC=C%10)=[C@]1[N@]%11C(C=CC=C%12)=C%12C%13=C%11C=CC=C%13
571,4tCzCNPy,"(2r,3P,5r,6s)-3-(3,5-di-tert-butyl-9H-carbazol-9-yl)-2,5,6-tris(3,6-di-tert-butyl-9H-carbazol-9-yl)isonicotinonitrile",CC(C)(C)C1=CC(C2=C3C=CC(C(C)(C)C)=C2)=C(C=C1)[N@]3[C@@]4=[C@@]([N@@]5C(C=CC(C(C)(C)C)=C6)=C6C7=C5C=CC(C(C)(C)C)=C7)N=C([N@]8C(C=CC(C(C)(C)C)=C9)=C9C%10=C8C=CC(C(C)(C)C)=C%10)[C@](N%11C(C=CC(C(C)(C)C)=C%12)=C%12C%13=C%11C=CC=C%13C(C)(C)C)=C4C#N
572,4oCzCNPy,"(2r,3P,5r,6s)-3-(3,5-dimethoxy-9H-carbazol-9-yl)-2,5,6-tris(3,6-dimethoxy-9H-carbazol-9-yl)isonicotinonitrile",CC(C)(C)C1=CC(C2=C3C=CC(C(C)(C)C)=C2)=C(C=C1)[N@]3[C@@]4=[C@@]([N@@]5C(C=CC(C(C)(C)C)=C6)=C6C7=C5C=CC(C(C)(C)C)=C7)N=C([N@]8C(C=CC(C(C)(C)C)=C9)=C9C%10=C8C=CC(C(C)(C)C)=C%10)[C@](N%11C(C=CC(C(C)(C)C)=C%12)=C%12C%13=C%11C=CC=C%13C(C)(C)C)=C4C#N
573,AcDbp,"2,7-bis(9,9-dimethylacridin-10(9H)-yl)dibenzo[a,c]phenazine",CC(C1=C2C=CC=C1)(C)C3=C(C=CC=C3)N2C(C=C4)=CC5=C4C(C=CC(N6C(C=CC=C7)=C7C(C)(C)C8=C6C=CC=C8)=C9)=C9C%10=NC%11=C(N=C%105)C=CC=C%11
574,CzDbp,"2,7-bis(3,6-di-tert-butyl-9H-carbazol-9-yl)dibenzo[a,c]phenazine",CC(C)(C)C1=CC(C2=C3C=CC(C(C)(C)C)=C2)=C(C=C1)N3C(C=C4)=CC5=C4C(C=CC(N6C(C=CC(C(C)(C)C)=C7)=C7C8=C6C=CC(C(C)(C)C)=C8)=C9)=C9C%10=NC%11=C(N=C%105)C=CC=C%11
575,PSPP,10-(3-(phenylsulfonyl)phenyl)-10H-phenoxazine,O=S(C1=CC(N2C3=C(C=CC=C3)OC4=CC=CC=C42)=CC=C1)(C5=CC=CC=C5)=O
576,PSPBP,"10,10'-(5-(phenylsulfonyl)-1,3-phenylene)bis(10H-phenoxazine)",O=S(C1=CC(N2C3=C(C=CC=C3)OC4=CC=CC=C42)=CC(N5C(C=CC=C6)=C6OC7=C5C=CC=C7)=C1)(C8=CC=CC=C8)=O
577,CCDMB,"9-(4-(dimesitylboraneyl)phenyl)-9H-3,9'-bicarbazole",CC1=CC(C)=CC(C)=C1B(C2=C(C)C=C(C)C=C2C)C(C=C3)=CC=C3N4C5=CC=CC=C5C6=C4C=CC(N7C(C=CC=C8)=C8C9=C7C=CC=C9)=C6
578,PCDMB,10-(9-(4-(dimesitylboraneyl)phenyl)-9H-carbazol-3-yl)-10H-phenoxazine,CC1=CC(C)=CC(C)=C1B(C2=C(C)C=C(C)C=C2C)C(C=C3)=CC=C3N4C5=CC=CC=C5C6=C4C=CC(N7C(C=CC=C8)=C8OC9=C7C=CC=C9)=C6
579,PCzDD-50,"6-(2-(9-hexyl-6-phenyl-9H-carbazol-3-yl)-9,9-dimethyl-7-phenylacridin-10(9H)-yl)-4,4-dimethylthiochromane 1,1-dioxide",O=S1(C(C=C2)=C(C(C)(C)CC1)C=C2N3C4=C(C=C(C5=CC=C(N(CCCCCC)C6=C7C=C(C8=CC=CC=C8)C=C6)C7=C5)C=C4)C(C)(C)C9=C3C=CC(C%10=CC=CC=C%10)=C9)=O
580,PTDD-50,"6-(2-(4-([1,1'-biphenyl]-4-yl(4-hexylphenyl)amino)phenyl)-9,9-dimethyl-7-phenylacridin-10(9H)-yl)-4,4-dimethylthiochromane 1,1-dioxide",O=S1(C(C=C2)=C(C(C)(C)CC1)C=C2N3C4=C(C=C(C5=CC=C(N(C6=CC=C(CCCCCC)C=C6)C7=CC=C(C8=CC=CC=C8)C=C7)C=C5)C=C4)C(C)(C)C9=C3C=CC(C%10=CC=CC=C%10)=C9)=O
581,DDTPAIPN,"4,4'''-bis(diphenylamino)-5',5''-bis(4-(diphenylamino)phenyl)-1',2'-dihydro-[1,1':3',1'':3'',1'''-quaterphenyl]-2',2'',4',6''-tetracarbonitrile",N#CC1=C(C2=CC=C(N(C3=CC=CC=C3)C4=CC=CC=C4)C=C2)C=C(C5=CC=C(N(C6=CC=CC=C6)C7=CC=CC=C7)C=C5)C(C#N)=C1C8=C(C#N)C(C9=CC=C(N(C%10=CC=CC=C%10)C%11=CC=CC=C%11)C=C9)=CC(C%12=CC=C(N(C%13=CC=CC=C%13)C%14=CC=CC=C%14)C=C%12)C8C#N
582,DTPAmCPIPN,"3,3''',5,5'''-tetra(9H-carbazol-9-yl)-5',5''-bis(4-(diphenylamino)phenyl)-1',2'-dihydro-[1,1':3',1'':3'',1'''-quaterphenyl]-2',2'',4',6''-tetracarbonitrile",N#CC1=C(C2=CC(N3C(C=CC=C4)=C4C5=C3C=CC=C5)=CC(N6C(C=CC=C7)=C7C8=C6C=CC=C8)=C2)C=C(C9=CC=C(N(C%10=CC=CC=C%10)C%11=CC=CC=C%11)C=C9)C(C#N)=C1C%12=C(C#N)C(C%13=CC=C(N(C%14=CC=CC=C%14)C%15=CC=CC=C%15)C=C%13)=CC(C%16=CC(N%17C(C=CC=C%18)=C%18C%19=C%17C=CC=C%19)=CC(N%20C(C=CC=C%21)=C%21C%22=C%20C=CC=C%22)=C%16)C%12C#N
583,DDmCPIPN,"3,3''',5,5'''-tetra(9H-carbazol-9-yl)-5',5''-bis(3,5-di(9H-carbazol-9-yl)phenyl)-1',2'-dihydro-[1,1':3',1'':3'',1'''-quaterphenyl]-2',2'',4',6''-tetracarbonitrile",N#CC1=C(C2=CC(N3C(C=CC=C4)=C4C5=C3C=CC=C5)=CC(N6C(C=CC=C7)=C7C8=C6C=CC=C8)=C2)C=C(C9=CC(N%10C(C=CC=C%11)=C%11C%12=C%10C=CC=C%12)=CC(N%13C(C=CC=C%14)=C%14C%15=C%13C=CC=C%15)=C9)C(C#N)=C1C%16=C(C#N)C(C%17=CC(N%18C(C=CC=C%19)=C%19C%20=C%18C=CC=C%20)=CC(N%21C(C=CC=C%22)=C%22C%23=C%21C=CC=C%23)=C%17)=CC(C%24=CC(N%25C(C=CC=C%26)=C%26C%27=C%25C=CC=C%27)=CC(N%28C(C=CC=C%29)=C%29C%30=C%28C=CC=C%30)=C%24)C%16C#N
584,Dye1,2-(9H-carbazol-9-yl)-3-(3-methoxy-9H-carbazol-9-yl)-9H-thioxanthen-9-one,O=C1C2=C(C=C(N3C(C=CC(OC)=C4)=C4C5=C3C=CC=C5)C(N6C(C=CC=C7)=C7C8=C6C=CC=C8)=C2)SC9=CC=CC=C91
585,Dye2,"2-(3,6-di-tert-butyl-9H-carbazol-9-yl)-3-(3-methoxy-9H-fluoren-9-yl)-9H-thioxanthen-9-one",CC(C)(C)C(C=C1)=CC2=C1N(C3=C2C=C(C(C)(C)C)C=C3)C4=CC5=C(C=C4C6C(C=CC(OC)=C7)=C7C8=C6C=CC=C8)SC9=CC=CC=C9C5=O
586,tBuDPACz-DPyM,"(5-(3,6-bis(bis(4-(tert-butyl)phenyl)amino)-9H-carbazol-9-yl)pyridin-2-yl)(6-(3,6-bis(bis(4-(tert-butyl)phenyl)amino)-9H-carbazol-9-yl)pyridin-3-yl)methanone",O=C(C1=CC=C(N2C(C=CC(N(C3=CC=C(C(C)(C)C)C=C3)C4=CC=C(C(C)(C)C)C=C4)=C5)=C5C6=C2C=CC(N(C7=CC=C(C(C)(C)C)C=C7)C8=CC=C(C(C)(C)C)C=C8)=C6)N=C1)C(C=C9)=NC=C9N%10C%11=C(C=C(N(C%12=CC=C(C(C)(C)C)C=C%12)C%13=CC=C(C(C)(C)C)C=C%13)C=C%11)C%14=C%10C=CC(N(C%15=CC=C(C(C)(C)C)C=C%15)C%16=CC=C(C(C)(C)C)C=C%16)=C%14
587,MeODPACz-DpyM,"(5-(3,6-bis(bis(4-methoxyphenyl)amino)-9H-carbazol-9-yl)pyridin-2-yl)(6-(3,6-bis(bis(4-methoxyphenyl)amino)-9H-carbazol-9-yl)pyridin-3-yl)methanone",O=C(C1=CC=C(N2C(C=CC(N(C3=CC=C(OC)C=C3)C4=CC=C(OC)C=C4)=C5)=C5C6=C2C=CC(N(C7=CC=C(OC)C=C7)C8=CC=C(OC)C=C8)=C6)N=C1)C(C=C9)=NC=C9N%10C%11=C(C=C(N(C%12=CC=C(OC)C=C%12)C%13=CC=C(OC)C=C%13)C=C%11)C%14=C%10C=CC(N(C%15=CC=C(OC)C=C%15)C%16=CC=C(OC)C=C%16)=C%14
588,"p,o-SPAc-PPM","10-(4-(6-(2-(10H-spiro[acridine-9,9'-fluoren]-10-yl)phenyl)-2-phenylpyrimidin-4-yl)phenyl)-10H-spiro[acridine-9,9'-fluorene]",C1(C2=CC=CC=C2C34C5=C(C=CC=C5)N(C6=CC=C(C7=CC(C8=CC=CC=C8N9C(C=CC=C%10)=C%10C%11(C(C=CC=C%12)=C%12C%13=C%11C=CC=C%13)C%14=C9C=CC=C%14)=NC(C%15=CC=CC=C%15)=N7)C=C6)C%16=C4C=CC=C%16)=C3C=CC=C1
589,"p,m-SPAc-PPM","10-(4-(6-(3-(10H-spiro[acridine-9,9'-fluoren]-10-yl)phenyl)-2-phenylpyrimidin-4-yl)phenyl)-10H-spiro[acridine-9,9'-fluorene]",C1(C2=CC=CC=C2C34C5=C(C=CC=C5)N(C6=CC=C(C7=CC(C8=CC=CC(N9C(C=CC=C%10)=C%10C%11(C(C=CC=C%12)=C%12C%13=C%11C=CC=C%13)C%14=C9C=CC=C%14)=C8)=NC(C%15=CC=CC=C%15)=N7)C=C6)C%16=C4C=CC=C%16)=C3C=CC=C1
590,"m,o-SPAc-PPM","10-(3-(6-(2-(10H-spiro[acridine-9,9'-fluoren]-10-yl)phenyl)-2-phenylpyrimidin-4-yl)phenyl)-10H-spiro[acridine-9,9'-fluorene]",C1(C2=CC=CC=C2C34C5=C(C=CC=C5)N(C6=CC(C7=CC(C8=CC=CC=C8N9C(C=CC=C%10)=C%10C%11(C(C=CC=C%12)=C%12C%13=C%11C=CC=C%13)C%14=C9C=CC=C%14)=NC(C%15=CC=CC=C%15)=N7)=CC=C6)C%16=C4C=CC=C%16)=C3C=CC=C1
591,3-DMAC-AD,"9',9'-dimethyl-10-phenyl-9'H-[3,10'-biacridin]-9(10H)-one",O=C1C2=C(C=CC=C2)N(C3=CC=CC=C3)C4=C1C=CC(N5C6=C(C=CC=C6)C(C)(C)C7=C5C=CC=C7)=C4
592,3-DMAC-6-Me-AD,"6,9',9'-trimethyl-10-phenyl-9'H-[3,10'-biacridin]-9(10H)-one",O=C1C2=C(C=C(C)C=C2)N(C3=CC=CC=C3)C4=C1C=CC(N5C6=C(C=CC=C6)C(C)(C)C7=C5C=CC=C7)=C4
593,3-DMAC-6-CF3-AD,"9',9'-dimethyl-10-phenyl-6-(trifluoromethyl)-9'H-[3,10'-biacridin]-9(10H)-one",O=C1C2=C(C=C(C(F)(F)F)C=C2)N(C3=CC=CC=C3)C4=C1C=CC(N5C6=C(C=CC=C6)C(C)(C)C7=C5C=CC=C7)=C4
594,SiCT,"bis(4-(9H-carbazol-9-yl)phenyl)bis(4-(4,6-diphenyl-1,3,5-triazin-2-yl)phenyl)silane",C1(C2=NC(C3=CC=CC=C3)=NC(C4=CC=C([Si](C5=CC=C(N6C(C=CC=C7)=C7C8=C6C=CC=C8)C=C5)(C9=CC=C(C%10=NC(C%11=CC=CC=C%11)=NC(C%12=CC=CC=C%12)=N%10)C=C9)C%13=CC=C(N%14C(C=CC=C%15)=C%15C%16=C%14C=CC=C%16)C=C%13)C=C4)=N2)=CC=CC=C1
595,DAcIPN,"4,6-bis(9,9-dimethylacridin-10(9H)-yl)isophthalonitrile",CC1(C)C(C=CC=C2)=C2N(C3=C(C#N)C=C(C#N)C(N4C(C=CC=C5)=C5C(C)(C)C6=C4C=CC=C6)=C3)C7=C1C=CC=C7
596,BCzOX,"2,5-bis(4-(9H-carbazol-9-yl)phenyl)-1,3,4-oxadiazole",C12=CC=CC=C1N(C3=CC=C(C4=NN=C(C5=CC=C(N6C(C=CC=C7)=C7C8=C6C=CC=C8)C=C5)O4)C=C3)C9=C2C=CC=C9
597,AcCzOX,"2-(4-(9H-carbazol-9-yl)phenyl)-5-(4-(9,9-dimethylacridin-10(9H)-yl)phenyl)-1,3,4-oxadiazole",CC(C1=C2C=CC=C1)(C)C3=C(C=CC=C3)N2C4=CC=C(C5=NN=C(C6=CC=C(N7C(C=CC=C8)=C8C9=C7C=CC=C9)C=C6)O5)C=C4
598,BAcOX,"2,5-bis(4-(9,9-dimethylacridin-10(9H)-yl)phenyl)-1,3,4-oxadiazole",CC(C1=C2C=CC=C1)(C)C3=C(C=CC=C3)N2C4=CC=C(C5=NN=C(C6=CC=C(N7C(C=CC=C8)=C8C(C)(C)C9=C7C=CC=C9)C=C6)O5)C=C4
599,4-SCZ,"5'-(4-(4,6-diphenyl-1,3,5-triazin-2-yl)phenyl)-5'H-spiro[fluorene-9,8'-indeno[2,1-c]carbazole]",C1(C2=NC(C3=CC=C(N4C(C=CC=C5)=C5C6=C4C=CC7=C6C(C=CC=C8)=C8C79C(C=CC=C%10)=C%10C%11=C9C=CC=C%11)C=C3)=NC(C%12=CC=CC=C%12)=N2)=CC=CC=C1
600,4-SCZ-F,"5'-(4-(4,6-diphenyl-1,3,5-triazin-2-yl)-2-fluorophenyl)-5'H-spiro[fluorene-9,8'-indeno[2,1-c]carbazole]",FC1=CC(C2=NC(C3=CC=CC=C3)=NC(C4=CC=CC=C4)=N2)=CC=C1N5C(C=CC=C6)=C6C7=C5C=CC8=C7C(C=CC=C9)=C9C8%10C(C=CC=C%11)=C%11C%12=C%10C=CC=C%12
601,None,"9,9'-(sulfonylbis(3,1-phenylene))bis(9H-carbazole)",O=S(C1=CC(N2C3=C(C=CC=C3)C4=C2C=CC=C4)=CC=C1)(C5=CC=CC(N6C(C=CC=C7)=C7C8=C6C=CC=C8)=C5)=O
602,None,"10,10'-(sulfonylbis(3,1-phenylene))bis(10H-phenothiazine)",O=S(C1=CC(N2C(C=CC=C3)=C3SC4=C2C=CC=C4)=CC=C1)(C5=CC=CC(N6C(C=CC=C7)=C7SC8=C6C=CC=C8)=C5)=O
603,None,"10,10'-(sulfonylbis(3,1-phenylene))bis(10H-phenoxazine)",O=S(C1=CC(N2C(C=CC=C3)=C3OC4=C2C=CC=C4)=CC=C1)(C5=CC=CC(N6C(C=CC=C7)=C7OC8=C6C=CC=C8)=C5)=O
604,None,"10,10'-(sulfonylbis(3,1-phenylene))bis(9,9-dimethyl-9,10-dihydroacridine)",O=S(C1=CC(N2C(C=CC=C3)=C3C(C)(C)C4=C2C=CC=C4)=CC=C1)(C5=CC=CC(N6C(C=CC=C7)=C7C(C)(C)C8=C6C=CC=C8)=C5)=O
605,TCzIPN,"4-(9H-carbazol-9-yl)-6-(9,9''-diphenyl-9H,9'H,9''H-[3,3':6',3''-tercarbazol]-9'-yl)isophthalonitrile",N#CC(C=C1C#N)=C(N2C(C=CC(C3=CC=C(N(C4=CC=CC=C4)C5=C6C=CC=C5)C6=C3)=C7)=C7C8=C2C=CC(C9=CC(C(C=CC=C%10)=C%10N%11C%12=CC=CC=C%12)=C%11C=C9)=C8)C=C1N%13C%14=C(C=CC=C%14)C%15=CC=CC=C%15%13
606,CzTAZPO,"diphenyl(4''-(3,3'',6,6''-tetra-tert-butyl-9'H-[9,3':6',9''-tercarbazol]-9'-yl)-5'-(4-(3,3'',6,6''-tetra-tert-butyl-9'H-[9,3':6',9''-tercarbazol]-9'-yl)phenyl)-[1,1':3',1''-terphenyl]-4-yl)phosphine oxide",CC(C)(C)C(C=C1)=CC2=C1N(C3=C2C=C(C(C)(C)C)C=C3)C4=CC5=C(C=C4)N(C6=CC=C(C7=CC(C8=CC=C(N9C(C=CC(N%10C(C=CC(C(C)(C)C)=C%11)=C%11C%12=C%10C=CC(C(C)(C)C)=C%12)=C%13)=C%13C%14=C9C=CC(N%15C(C=CC(C(C)(C)C)=C%16)=C%16C%17=C%15C=CC(C(C)(C)C)=C%17)=C%14)C=C8)=CC(C%18=CC=C(P(C%19=CC=CC=C%19)(C%20=CC=CC=C%20)=O)C=C%18)=C7)C=C6)C(C5=C%21)=CC=C%21N%22C%23=C(C=C(C(C)(C)C)C=C%23)C%24=C%22C=CC(C(C)(C)C)=C%24
607,sCzTAZPO,"(4''-(3,6-bis(3,6-di-tert-butyl-9H-carbazol-9-yl)-9H-fluoren-9-yl)-5'-phenyl-[1,1':3',1''-terphenyl]-4-yl)diphenylphosphine oxide",CC(C)(C)C(C=C1)=CC2=C1N(C3=C2C=C(C(C)(C)C)C=C3)C4=CC5=C(C=C4)C(C6=CC=C(C7=CC(C8=CC=CC=C8)=CC(C9=CC=C(P(C%10=CC=CC=C%10)(C%11=CC=CC=C%11)=O)C=C9)=C7)C=C6)C(C5=C%12)=CC=C%12N%13C%14=C(C=C(C(C)(C)C)C=C%14)C%15=C%13C=CC(C(C)(C)C)=C%15
608,DPECTT,"2-(6-(1,2-diphenylvinyl)-9-ethyl-9H-carbazol-3-yl)thianthrene 5,5,10,10-tetraoxide",[H]/C(C1=CC=CC=C1)=C(C2=CC=CC=C2)/C3=CC4=C(C=C3)N(CC)C(C4=C5)=CC=C5C(C=C6)=CC7=C6S(C8=CC=CC=C8S7(=O)=O)(=O)=O
609,FIA-BO,"5'-(5,9-dioxa-13b-boranaphtho[3,2,1-de]anthracen-7-yl)-7'-phenyl-5',7'-dihydrospiro[fluorene-9,13'-indolo[3,2-b]acridine]",C12=CC(N3C(C=CC=C4)=C4C5(C(C=CC=C6)=C6C7=C5C=CC=C7)C8=C3C=C9C(C(C=CC=C%10)=C%10N9C%11=CC=CC=C%11)=C8)=CC(OC%12=C%13C=CC=C%12)=C1B%13C(C=CC=C%14)=C%14O2
610,FIA-TR,"5'-(4-(4,6-diphenyl-1,3,5-triazin-2-yl)phenyl)-7'-phenyl-5',7'-dihydrospiro[fluorene-9,13'-indolo[3,2-b]acridine]",C1(N2C(C=CC=C3)=C3C4(C(C=CC=C5)=C5C6=C4C=CC=C6)C7=C2C=C8C(C(C=CC=C9)=C9N8C%10=CC=CC=C%10)=C7)=CC=C(C%11=NC(C%12=CC=CC=C%12)=NC(C%13=CC=CC=C%13)=N%11)C=C1
611,FIA-SO,"7'-phenyl-5'-(4-(phenylsulfonyl)phenyl)-5',7'-dihydrospiro[fluorene-9,13'-indolo[3,2-b]acridine]",O=S(C1=CC=C(N(C2=C3C=CC=C2)C4=CC(N(C5=CC=CC=C5)C6=C7C=CC=C6)=C7C=C4C83C9=C(C%10=C8C=CC=C%10)C=CC=C9)C=C1)(C%11=CC=CC=C%11)=O
612,None,"2,6-bis(3,6-di-tert-butyl-9H-carbazol-9-yl)-4-(4-(phenylethynyl)phenyl)pyridine-3,5-dicarbonitrile",CC(C)(C)C1=CC(C2=C3C=CC(C(C)(C)C)=C2)=C(C=C1)N3C4=NC(N5C(C=CC(C(C)(C)C)=C6)=C6C7=C5C=CC(C(C)(C)C)=C7)=C(C#N)C(C8=CC=C(C#CC9=CC=CC=C9)C=C8)=C4C#N
613,None,"2,6-bis(3,6-di-tert-butyl-9H-carbazol-9-yl)-4-(4-((4-fluorophenyl)ethynyl)phenyl)pyridine-3,5-dicarbonitrile",CC(C)(C)C1=CC(C2=C3C=CC(C(C)(C)C)=C2)=C(C=C1)N3C4=NC(N5C(C=CC(C(C)(C)C)=C6)=C6C7=C5C=CC(C(C)(C)C)=C7)=C(C#N)C(C8=CC=C(C#CC9=CC=C(F)C=C9)C=C8)=C4C#N
614,None,"4-(4-((4-(9H-carbazol-9-yl)phenyl)ethynyl)phenyl)-2,6-bis(3,6-di-tert-butyl-9H-carbazol-9-yl)pyridine-3,5-dicarbonitrile",CC(C)(C)C1=CC(C2=C3C=CC(C(C)(C)C)=C2)=C(C=C1)N3C4=NC(N5C(C=CC(C(C)(C)C)=C6)=C6C7=C5C=CC(C(C)(C)C)=C7)=C(C#N)C(C8=CC=C(C#CC9=CC=C(N%10C(C=CC=C%11)=C%11C%12=C%10C=CC=C%12)C=C9)C=C8)=C4C#N
615,DTTrzDF-1,"2-(dibenzo[b,d]furan-3-yl)-4-phenyl-6-(3-(6-phenyldibenzo[b,d]thiophen-4-yl)phenyl)-1,3,5-triazine",C1(C2=CC=CC(C3=C(SC4=C5C=CC=C4C6=CC=CC=C6)C5=CC=C3)=C2)=NC(C7=CC=CC=C7)=NC(C8=CC=C(C(C=CC=C9)=C9O%10)C%10=C8)=N1
616,DTTrzDF-2,"2-(dibenzo[b,d]furan-1-yl)-4-phenyl-6-(3-(6-phenyldibenzo[b,d]thiophen-4-yl)phenyl)-1,3,5-triazine",C1(C2=CC=CC(C3=C(SC4=C5C=CC=C4C6=CC=CC=C6)C5=CC=C3)=C2)=NC(C7=CC=CC=C7)=NC(C8=C(C(C=CC=C9)=C9O%10)C%10=CC=C8)=N1
617,DTTrzDFph-3,"2-(3-(dibenzo[b,d]thiophen-4-yl)phenyl)-4-phenyl-6-(8-phenyldibenzo[b,d]furan-3-yl)-1,3,5-triazine",C1(C2=CC=CC(C3=C(SC4=C5C=CC=C4)C5=CC=C3)=C2)=NC(C6=CC=CC=C6)=NC(C7=CC=C(C(C=C(C8=CC=CC=C8)C=C9)=C9O%10)C%10=C7)=N1
618,None,"10-(4-(4,6-diphenyl-1,3,5-triazin-2-yl)benzyl)-9,9-dimethyl-9,10-dihydroacridine",CC(C1=C2C=CC=C1)(C)C3=C(C=CC=C3)N2CC(C=C4)=CC=C4C5=NC(C6=CC=CC=C6)=NC(C7=CC=CC=C7)=N5
619,None,"10-(4-(4,6-diphenyl-1,3,5-triazin-2-yl)phenethyl)-9,9-dimethyl-9,10-dihydroacridine",CC1(C)C2=C(C=CC=C2)N(CCC(C=C3)=CC=C3C4=NC(C5=CC=CC=C5)=NC(C6=CC=CC=C6)=N4)C7=C1C=CC=C7
620,None,"10-(3-(4-(4,6-diphenyl-1,3,5-triazin-2-yl)phenyl)propyl)-9,9-dimethyl-9,10-dihydroacridine",CC1(C)C2=C(C=CC=C2)N(CCCC(C=C3)=CC=C3C4=NC(C5=CC=CC=C5)=NC(C6=CC=CC=C6)=N4)C7=C1C=CC=C7
621,4CzTPN,"2,3,5,6-tetra(9H-carbazol-9-yl)terephthalonitrile",N#CC1=C(N2C(C=CC=C3)=C3C4=C2C=CC=C4)C(N5C(C=CC=C6)=C6C7=C5C=CC=C7)=C(C#N)C(N8C(C=CC=C9)=C9C%10=C8C=CC=C%10)=C1N%11C(C=CC=C%12)=C%12C%13=C%11C=CC=C%13
622,tBuCON-ST,"3,11-di-tert-butyl-7-(10-phenyl-10H-spiro[acridine-9,9'-fluoren]-3'-yl)quinolino[3,2,1-de]acridine-5,9-dione",O=C1C2=C(C=CC(C(C)(C)C)=C2)N3C4=C(C=C(C(C)(C)C)C=C4)C(C5=CC(C6=CC=C(C7(C(C=CC=C8)=C8N(C9=CC=CC=C9)C%10=C7C=CC=C%10)C%11=C%12C=CC=C%11)C%12=C6)=CC1=C53)=O
623,tBuCON,"3,11-di-tert-butylquinolino[3,2,1-de]acridine-5,9-dione",O=C1C2=C(C=CC(C(C)(C)C)=C2)N3C4=C(C=C(C(C)(C)C)C=C4)C(C5=CC=CC1=C53)=O
624,PCNDPA-CF3,"2'-(diphenylamino)-5'-(trifluoromethyl)-[1,1'-biphenyl]-4-carbonitrile",FC(F)(F)C1=CC(C2=CC=C(C#N)C=C2)=C(N(C3=CC=CC=C3)C4=CC=CC=C4)C=C1
625,PCNDPA-H,"2'-(diphenylamino)-[1,1'-biphenyl]-4-carbonitrile",N#CC(C=C1)=CC=C1C2=C(N(C3=CC=CC=C3)C4=CC=CC=C4)C=CC=C2
626,PCNDPA-CH3,"2'-(diphenylamino)-5'-methyl-[1,1'-biphenyl]-4-carbonitrile",CC1=CC(C2=CC=C(C#N)C=C2)=C(N(C3=CC=CC=C3)C4=CC=CC=C4)C=C1
627,YCIT3,"12-(4,6-diphenyl-1,3,5-triazin-2-yl)-5-phenyl-5,12-dihydroindolo[3,2-a]carbazole",C1(C2=CC=CC=C2)=NC(C3=CC=CC=C3)=NC(N4C(C(C(C=CC=C5)=C5N6C7=CC=CC=C7)=C6C=C8)=C8C9=C4C=CC=C9)=N1
628,YCIT4,"5-(4,6-diphenyl-1,3,5-triazin-2-yl)-7-phenyl-5,7-dihydroindolo[2,3-b]carbazole",C1(C2=CC=CC=C2)=NC(C3=CC=CC=C3)=NC(N4C(C=C(N(C5=CC=CC=C5)C6=C7C=CC=C6)C7=C8)=C8C9=C4C=CC=C9)=N1
629,YCIT5,"12-(4,6-di(pyridin-2-yl)-1,3,5-triazin-2-yl)-5-phenyl-5,12-dihydroindolo[3,2-a]carbazole",C1(C2=CC=CC=N2)=NC(C3=NC=CC=C3)=NC(N4C(C(C(C=CC=C5)=C5N6C7=CC=CC=C7)=C6C=C8)=C8C9=C4C=CC=C9)=N1
630,YCIT8,"5-(4,6-di(pyridin-2-yl)-1,3,5-triazin-2-yl)-7-phenyl-5,7-dihydroindolo[2,3-b]carbazole",C1(C2=CC=CC=N2)=NC(C3=NC=CC=C3)=NC(N4C(C=C(N(C5=CC=CC=C5)C6=C7C=CC=C6)C7=C8)=C8C9=C4C=CC=C9)=N1
631,NO-BN,None,CC(C)(C)C(C=C1)=CC2=C1N3C4=C(C=C(C(C)(C)C)C=C42)B(C5=C6C=C(C7=CC(OC8=C9C=CC=C8)=C(N9C(C=CC=C%10)=C%10O%11)C%11=C7)C=C35)C%12=CC(C(C)(C)C)=CC%13=C%12N6C%14=C%13C=C(C(C)(C)C)C=C%14
632,BO-BN,None,CC(C)(C)C(C=C1)=CC2=C1N3C4=C(C=C(C(C)(C)C)C=C42)B(C5=C6C=C(C7=CC(OC8=C9C=CC=C8)=C(B9C(C=CC=C%10)=C%10O%11)C%11=C7)C=C35)C%12=CC(C(C)(C)C)=CC%13=C%12N6C%14=C%13C=C(C(C)(C)C)C=C%14
633,6-PTZ-FQ,"6-(10H-phenothiazin-10-yl)-2-phenylfuro[2,3-b]quinoxaline",C1(C=C(N2C(C=CC=C3)=C3SC4=C2C=CC=C4)C=C5)=C5N=C(OC(C6=CC=CC=C6)=C7)C7=N1
634,7-PTZ-FQ,"7-(10H-phenothiazin-10-yl)-2-phenylfuro[2,3-b]quinoxaline",C1(C=CC(N2C(C=CC=C3)=C3SC4=C2C=CC=C4)=C5)=C5N=C(OC(C6=CC=CC=C6)=C7)C7=N1
635,2CzTXT,"3-(1,8-bis(4-(9H-carbazol-9-yl)phenyl)-3,6-di-tert-butyl-9H-carbazol-9-yl)-9H-thioxanthen-9-one",CC(C)(C)C(C=C1C2=CC=C(N3C(C=CC=C4)=C4C5=C3C=CC=C5)C=C2)=CC6=C1N(C7=CC(SC(C=CC=C8)=C8C9=O)=C9C=C7)C%10=C6C=C(C(C)(C)C)C=C%10C%11=CC=C(N%12C(C=CC=C%13)=C%13C%14=C%12C=CC=C%14)C=C%11
636,2PCzTXT,"3-(3',6'-di-tert-butyl-9,9''-diphenyl-9H,9'H,9''H-[3,1':8',3''-tercarbazol]-9'-yl)-9H-thioxanthen-9-one",CC(C)(C)C(C=C1C2=CC(C(C=CC=C3)=C3N4C5=CC=CC=C5)=C4C=C2)=CC6=C1N(C7=CC(SC(C=CC=C8)=C8C9=O)=C9C=C7)C%10=C6C=C(C(C)(C)C)C=C%10C%11=CC=C(N(C%12=CC=CC=C%12)C%13=C%14C=CC=C%13)C%14=C%11
637,tDPA-DtCzB,None,CC(C)(C)C(C=C1)=CC2=C1N3C4=C(C=C(C(C)(C)C)C=C42)B(C5=C6C=C(N(C7=CC=C(C(C)(C)C)C=C7)C8=CC=C(C(C)(C)C)C=C8)C=C35)C9=CC(C(C)(C)C)=CC%10=C9N6C%11=C%10C=C(C(C)(C)C)C=C%11
638,tDMAC-DtCzB,None,CC(C)(C)C(C=C1)=CC2=C1N3C4=C(C=C(C(C)(C)C)C=C42)B(C5=C6C=C(N7C(C=CC(C(C)(C)C)=C8)=C8C(C)(C)C9=C7C=CC(C(C)(C)C)=C9)C=C35)C%10=CC(C(C)(C)C)=CC%11=C%10N6C%12=C%11C=C(C(C)(C)C)C=C%12
639,?-CzTRZ,"9-(4''-(4,6-diphenyl-1,3,5-triazin-2-yl)-[1,1':2',1''-terphenyl]-4-yl)-9H-carbazole",C12=CC=CC=C1C(C=CC=C3)=C3N2C4=CC=C(C5=CC=CC=C5C6=CC=C(C7=NC(C8=CC=CC=C8)=NC(C9=CC=CC=C9)=N7)C=C6)C=C4
640,?-InCzTRZ,"5-(4''-(4,6-diphenyl-1,3,5-triazin-2-yl)-[1,1':2',1''-terphenyl]-4-yl)-7,7-dimethyl-5,7-dihydroindeno[2,1-b]carbazole",CC1(C)C2=C(C=CC=C2)C(C1=C3)=CC4=C3N(C5=CC=C(C6=CC=CC=C6C7=CC=C(C8=NC(C9=CC=CC=C9)=NC(C%10=CC=CC=C%10)=N8)C=C7)C=C5)C%11=CC=CC=C%114
641,SFBN3,"N-(9,9'-spirobi[fluoren]-2-yl)-2,17-di-tert-butyl-N,8-dimesityl-8H-4b,8-diaza-15b-boraspiro[benzo[a]indeno[2',1':6,7]naphtho[1,2,3-hi]aceanthrylene-10,9'-fluoren]-1,3,4a(18b),4b1(15c),4c,5,7,8a(15a),9,10a(14a),11,13,14b,16,18-pentadecaen-6-amine",CC(C)(C)C(C=C1)=CC2=C1N(C3=C4B5C6=C(C=C(C7(C(C=CC=C8)=C8C9=C7C=CC=C9)C%10=C%11C=CC=C%10)C%11=C6)N(C%12=C(C)C=C(C)C=C%12C)C4=CC(N(C%13=C(C)C=C(C)C=C%13C)C%14=CC=C(C(C=CC=C%15)=C%15C%16%17C(C=CC=C%18)=C%18C%19=C%17C=CC=C%19)C%16=C%14)=C3)C%20=C5C=C(C(C)(C)C)C=C%202
642,SFB2N3,"2',5'-di-tert-butyl-14',16'-dimesityl-14',16'-dihydro-3a2',14',16'-triaza-6b',23b'-diboradispiro[fluorene-9,12'-diindeno[2,1-b:1',2'-m]indeno[4',3',2',1':3,4,5]phenanthro[2,1,10,9-fghi]pentacene-18',9''-fluoren]-1',3',3a1'(23c'),3b',4',6',6b1'(14a'),6b2'(15a1'),6c'(13a'),7',7b'(11a'),8',10',12a',15',16a'(23a'),17',18a'(22a'),19',21',22b'-henicosaene",CC(C)(C)C(C=C1B2C(C=C(C(C=CC=C3)=C3C45C(C=CC=C6)=C6C7=C5C=CC=C7)C4=C8)=C8N(C9=C(C)C=C(C)C=C9C)C%10=C2C%11=C%12B%13C%14=C(C=C(C%15(C(C=CC=C%16)=C%16C%17=C%15C=CC=C%17)C%18=C%19C=CC=C%18)C%19=C%14)N(C%20=C(C)C=C(C)C=C%20C)C%12=C%10)=CC%21=C1N%11C%22=C%13C=C(C(C)(C)C)C=C%22%21
643,Cbz-PYR,"4,6-di(9H-carbazol-9-yl)pyrimidine",C12=CC=CC=C1N(C3=NC=NC(N4C(C=CC=C5)=C5C6=C4C=CC=C6)=C3)C7=C2C=CC=C7
644,tCbz-mPYRs,"9,9'-(5-methyl-2-(methylthio)pyrimidine-4,6-diyl)bis(3,6-di-tert-butyl-9H-carbazole)",CC1=C(N2C(C=CC(C(C)(C)C)=C3)=C3C4=C2C=CC(C(C)(C)C)=C4)N=C(SC)N=C1N5C6=C(C=C(C(C)(C)C)C=C6)C7=CC(C(C)(C)C)=CC=C75
645,DCZ-TTR,"2,3-di(9H-carbazol-9-yl)thianthrene 5,5,10,10-tetraoxide",O=S1(C2=C(S(C3=C1C=C(N4C(C=CC=C5)=C5C6=C4C=CC=C6)C(N7C(C=CC=C8)=C8C9=C7C=CC=C9)=C3)(=O)=O)C=CC=C2)=O
646,DMAC-TRZ,"10-(4-(4,6-diphenyl-1,3,5-triazin-2-yl)phenyl)-9,9-dimethyl-9,10-dihydroacridine",CC1(C)C2=C(C=CC=C2)N(C3=CC=C(C4=NC(C5=CC=CC=C5)=NC(C6=CC=CC=C6)=N4)C=C3)C7=CC=CC=C71
647,CzAC-TRZ,"10-(4-(4,6-diphenyl-1,3,5-triazin-2-yl)phenyl)-9-phenyl-9-(9-phenyl-9H-carbazol-3-yl)-9,10-dihydroacridine",C12=CC=CC=C1C(C3=CC=CC=C3)(C4=CC=C(N(C5=CC=CC=C5)C6=C7C=CC=C6)C7=C4)C8=C(C=CC=C8)N2C9=CC=C(C%10=NC(C%11=CC=CC=C%11)=NC(C%12=CC=CC=C%12)=N%10)C=C9
648,DFAC-TRZ,"9-(dibenzo[b,d]furan-4-yl)-10-(4-(4,6-diphenyl-1,3,5-triazin-2-yl)phenyl)-9-phenyl-9,10-dihydroacridine",C12=CC=CC=C1C(C3=CC=CC=C3)(C4=CC=CC5=C4OC6=C5C=CC=C6)C7=C(C=CC=C7)N2C8=CC=C(C9=NC(C%10=CC=CC=C%10)=NC(C%11=CC=CC=C%11)=N9)C=C8
649,PyB-DMAC,"(4-(9,9-dimethylacridin-10(9H)-yl)phenyl)(pyridin-4-yl)methanone",O=C(C1=CC=C(N2C(C=CC=C3)=C3C(C)(C)C4=C2C=CC=C4)C=C1)C5=CC=NC=C5
650,PyB-DPAC,"(4-(9,9-diphenylacridin-10(9H)-yl)phenyl)(pyridin-4-yl)methanone",O=C(C1=CC=C(N2C(C=CC=C3)=C3C(C4=CC=CC=C4)(C5=CC=CC=C5)C6=C2C=CC=C6)C=C1)C7=CC=NC=C7
651,9CzFDBFSPO,"(8-(4-(9-(4-(9H-carbazol-9-yl)phenyl)-9H-fluoren-9-yl)phenyl)dibenzo[b,d]furan-4-yl)diphenylphosphine oxide",O=P(C1=CC=CC=C1)(C2=C(OC3=C4C=C(C5=CC=C(C6(C7=CC=C(N8C(C=CC=C9)=C9C%10=C8C=CC=C%10)C=C7)C(C=CC=C%11)=C%11C%12=C6C=CC=C%12)C=C5)C=C3)C4=CC=C2)C%13=CC=CC=C%13
652,9CzFDBFDPO,"(2-(4-(9-(4-(9H-carbazol-9-yl)phenyl)-9H-fluoren-9-yl)phenyl)dibenzo[b,d]furan-4,6-diyl)bis(diphenylphosphine oxide)",O=P(C1=CC=CC=C1)(C2=C(OC3=C4C=C(C5=CC=C(C6(C7=CC=C(N8C(C=CC=C9)=C9C%10=C8C=CC=C%10)C=C7)C(C=CC=C%11)=C%11C%12=C6C=CC=C%12)C=C5)C=C3P(C%13=CC=CC=C%13)(C%14=CC=CC=C%14)=O)C4=CC=C2)C%15=CC=CC=C%15
653,9PhCzFDBFSPO,"(8-(4-(9-(4'-(9H-carbazol-9-yl)-[1,1'-biphenyl]-4-yl)-9H-fluoren-9-yl)phenyl)dibenzo[b,d]furan-4-yl)diphenylphosphine oxide",O=P(C1=CC=CC=C1)(C2=C(OC3=C4C=C(C5=CC=C(C6(C7=CC=C(C8=CC=C(N9C(C=CC=C%10)=C%10C%11=C9C=CC=C%11)C=C8)C=C7)C(C=CC=C%12)=C%12C%13=C6C=CC=C%13)C=C5)C=C3)C4=CC=C2)C%14=CC=CC=C%14
654,9PhCzFDBFDPO,"(2-(4-(9-(4'-(9H-carbazol-9-yl)-[1,1'-biphenyl]-4-yl)-9H-fluoren-9-yl)phenyl)dibenzo[b,d]furan-4,6-diyl)bis(diphenylphosphine oxide)",O=P(C1=CC=CC=C1)(C2=C(OC3=C4C=C(C5=CC=C(C6(C7=CC=C(C8=CC=C(N9C(C=CC=C%10)=C%10C%11=C9C=CC=C%11)C=C8)C=C7)C(C=CC=C%12)=C%12C%13=C6C=CC=C%13)C=C5)C=C3P(C%14=CC=CC=C%14)(C%15=CC=CC=C%15)=O)C4=CC=C2)C%16=CC=CC=C%16
655,None,"10,10'-(sulfonylbis(4,1-phenylene))bis(2,7-di-tert-butyl-9,9-dimethyl-9,10-dihydroacridine)",CC(C)(C)C1=CC(C(C)(C)C2=C3C=CC(C(C)(C)C)=C2)=C(C=C1)N3C(C=C4)=CC=C4S(C(C=C5)=CC=C5N(C6=C(C=C(C(C)(C)C)C=C6)C7(C)C)C8=C7C=C(C(C)(C)C)C=C8)(=O)=O
656,None,"10,10'-(sulfonylbis(3,1-phenylene))bis(2,7-di-tert-butyl-9,9-dimethyl-9,10-dihydroacridine)",CC(C)(C)C1=CC2=C(C=C1)N(C3=CC(S(C4=CC=CC(N(C5=C(C=C(C(C)(C)C)C=C5)C6(C)C)C7=C6C=C(C(C)(C)C)C=C7)=C4)(=O)=O)=CC=C3)C8=C(C=C(C(C)(C)C)C=C8)C2(C)C
657,None,"2-(2-(tert-butyl)-7-isopropyl-9,9-dimethylacridin-10(9H)-yl)-8-(2,7-di-tert-butyl-9,9-dimethylacridin-10(9H)-yl)dibenzo[b,d]thiophene 5,5-dioxide",CC(C)(C)C1=CC(C(C)(C)C2=C3C=CC(C(C)(C)C)=C2)=C(C=C1)N3C(C=C4)=CC(C5=C6C=CC(N(C7=C(C=C(C(C)(C)C)C=C7)C8(C)C)C9=C8C=C(C(C)C)C=C9)=C5)=C4S6(=O)=O
658,PCzBPH-10,"(4-(3,6-bis(9,9'-dihexyl-9H,9'H-[3,3'-bicarbazol]-6-yl)-10,10-dimethyl-9,10-dihydroanthracen-9-yl)phenyl)(phenyl)methanone",O=C(C1=CC=CC=C1)C2=CC=C(C3C(C=CC(C4=CC(C(C=C(C5=CC=C(N(CCCCCC)C6=C7C=CC=C6)C7=C5)C=C8)=C8N9CCCCCC)=C9C=C4)=C%10)=C%10C(C)(C)C%11=C3C=CC(C%12=CC=C(N(CCCCCC)C%13=C%14C=C(C%15=CC(C(C=CC=C%16)=C%16N%17CCCCCC)=C%17C=C%15)C=C%13)C%14=C%12)=C%11)C=C2
659,PCzBPF-10,"(4-(3,6-bis(9,9'-dihexyl-9H,9'H-[3,3'-bicarbazol]-6-yl)-10,10-dimethyl-9,10-dihydroanthracen-9-yl)phenyl)(4-fluorophenyl)methanone",O=C(C1=CC=C(F)C=C1)C2=CC=C(C3C(C=CC(C4=CC(C(C=C(C5=CC=C(N(CCCCCC)C6=C7C=CC=C6)C7=C5)C=C8)=C8N9CCCCCC)=C9C=C4)=C%10)=C%10C(C)(C)C%11=C3C=CC(C%12=CC=C(N(CCCCCC)C%13=C%14C=C(C%15=CC(C(C=CC=C%16)=C%16N%17CCCCCC)=C%17C=C%15)C=C%13)C%14=C%12)=C%11)C=C2.C
660,PCzBPCl-10,"(4-(3,6-bis(9,9'-dihexyl-9H,9'H-[3,3'-bicarbazol]-6-yl)-10,10-dimethyl-9,10-dihydroanthracen-9-yl)phenyl)(4-chlorophenyl)methanone",O=C(C1=CC=C(Cl)C=C1)C2=CC=C(C3C(C=CC(C4=CC(C(C=C(C5=CC=C(N(CCCCCC)C6=C7C=CC=C6)C7=C5)C=C8)=C8N9CCCCCC)=C9C=C4)=C%10)=C%10C(C)(C)C%11=C3C=CC(C%12=CC=C(N(CCCCCC)C%13=C%14C=C(C%15=CC(C(C=CC=C%16)=C%16N%17CCCCCC)=C%17C=C%15)C=C%13)C%14=C%12)=C%11)C=C2
661,None,"2-phenyl-4-(4-(5-phenylindolo[3,2-a]carbazol-12(5H)-yl)phenyl)benzo[4,5]thieno[3,2-d]pyrimidine",C1(C2=CC=CC=C2)=NC3=C(SC4=C3C=CC=C4)C(C5=CC=C(N6C(C(C(C=CC=C7)=C7N8C9=CC=CC=C9)=C8C=C%10)=C%10C%11=C6C=CC=C%11)C=C5)=N1
662,None,"2-phenyl-4-(4-(5-phenylindolo[3,2-a]carbazol-12(5H)-yl)phenyl)benzo[4,5]thieno[3,2-d]pyrimidine",C1(C2=CC=CC=C2)=NC3=C(SC4=C3C=CC=C4)C(C5=CC=C(N6C(C(C(C=CC=C7)=C7N8C9=CC=CC=C9)=C8C=C%10)=C%10C%11=C6C=CC(N%12C(C=CC=C%13)=C%13C%14=C%12C=CC=C%14)=C%11)C=C5)=N1
663,None,"12-(4-(4,6-diphenyl-1,3,5-triazin-2-yl)phenyl)-5-phenyl-5,12-dihydroindolo[3,2-a]carbazole",C1(C2=CC=CC=C2)=NC(C3=CC=CC=C3)=NC(C4=CC=C(N5C(C(C(C=CC=C6)=C6N7C8=CC=CC=C8)=C7C=C9)=C9C%10=C5C=CC=C%10)C=C4)=N1
664,None,"9-(9H-carbazol-9-yl)-12-(4-(4,6-diphenyl-1,3,5-triazin-2-yl)phenyl)-5-phenyl-5,12-dihydroindolo[3,2-a]carbazole",C1(C2=CC=CC=C2)=NC(C3=CC=CC=C3)=NC(C4=CC=C(N5C(C(C(C=CC=C6)=C6N7C8=CC=CC=C8)=C7C=C9)=C9C%10=C5C=CC(N%11C(C=CC=C%12)=C%12C%13=C%11C=CC=C%13)=C%10)C=C4)=N1
665,TAZ-PTZ,"10-(4-(1-phenyl-5-(pyridin-2-yl)-1H-1,2,4-triazol-3-yl)phenyl)-10H-phenothiazine",C1(C2=NC(C3=CC=C(N4C(C=CC=C5)=C5SC6=C4C=CC=C6)C=C3)=NN2C7=CC=CC=C7)=NC=CC=C1
666,TAZ-PXZ,"10-(4-(1-phenyl-5-(pyridin-2-yl)-1H-1,2,4-triazol-3-yl)phenyl)-10H-phenoxazine",C1(C2=NC(C3=CC=C(N4C(C=CC=C5)=C5OC6=C4C=CC=C6)C=C3)=NN2C7=CC=CC=C7)=NC=CC=C1
667,TAZ-DMAC,"10-(4-(1-phenyl-5-(pyridin-2-yl)-1H-1,2,4-triazol-3-yl)phenyl)-10H-phenoxazine",CC(C1=C2C=CC=C1)(C)C3=C(C=CC=C3)N2C(C=C4)=CC=C4C5=NN(C6=CC=CC=C6)C(C7=NC=CC=C7)=N5
668,TAZ-2PTZ,"10,10'-((5-(pyridin-2-yl)-1H-1,2,4-triazole-1,3-diyl)bis(4,1-phenylene))bis(10H-phenothiazine)",C1(C2=CC=C(N3C(C=CC=C4)=C4SC5=C3C=CC=C5)C=C2)=NN(C6=CC=C(N7C(C=CC=C8)=C8SC9=C7C=CC=C9)C=C6)C(C%10=CC=CC=N%10)=N1
669,TAZ-2PXZ,"10,10'-((5-(pyridin-2-yl)-1H-1,2,4-triazole-1,3-diyl)bis(4,1-phenylene))bis(10H-phenoxazine)",C1(C2=CC=C(N3C(C=CC=C4)=C4OC5=C3C=CC=C5)C=C2)=NN(C6=CC=C(N7C(C=CC=C8)=C8OC9=C7C=CC=C9)C=C6)C(C%10=CC=CC=N%10)=N1
670,TAZ-2DMAC,"10,10'-((5-(pyridin-2-yl)-1H-1,2,4-triazole-1,3-diyl)bis(4,1-phenylene))bis(9,9-dimethyl-9,10-dihydroacridine)",CC(C1=C2C=CC=C1)(C)C3=C(C=CC=C3)N2C(C=C4)=CC=C4N5C(C6=CC=CC=N6)=NC(C7=CC=C(N8C(C=CC=C9)=C9C(C)(C)C%10=C8C=CC=C%10)C=C7)=N5
671,AcCN,"3,5-bis(4-(9,9-dimethylacridin-10(9H)-yl)phenyl)isonicotinonitrile",CC(C1=C2C=CC=C1)(C)C3=C(C=CC=C3)N2C(C=C4)=CC=C4C5=C(C#N)C(C(C=C6)=CC=C6N7C8=C(C=CC=C8)C(C)(C)C9=C7C=CC=C9)=CN=C5
672,PxCN,"3,5-bis(4-(10H-phenoxazin-10-yl)phenyl)isonicotinonitrile",N#CC1=C(C2=CC=C(N3C(C=CC=C4)=C4OC5=C3C=CC=C5)C=C2)C=NC=C1C(C=C6)=CC=C6N7C8=C(C=CC=C8)OC9=C7C=CC=C9
673,Cz-ND,"2,7-di(9H-carbazol-9-yl)-1,8-naphthyridine",C1(C(C=CC=C2)=C2N3C4=NC(N=C(N5C(C=CC=C6)=C6C7=C5C=CC=C7)C=C8)=C8C=C4)=C3C=CC=C1
674,tBuCz-ND,"2,7-bis(3,6-di-tert-butyl-9H-carbazol-9-yl)-1,8-naphthyridine",CC(C(C=C1)=CC2=C1N(C3=C2C=C(C(C)(C)C)C=C3)C(C=C4)=NC5=C4C=CC(N6C7=C(C=C(C(C)(C)C)C=C7)C8=C6C=CC(C(C)(C)C)=C8)=N5)(C)C
675,None,4-(10H-phenothiazin-10-yl)-2-(trifluoromethyl)benzonitrile,N#CC(C=C1)=C(C(F)(F)F)C=C1N2C3=CC=CC=C3SC4=C2C=CC=C4
676,None,4-(10H-phenothiazin-10-yl)benzonitrile,N#CC(C=C1)=CC=C1N2C3=CC=CC=C3SC4=C2C=CC=C4
677,None,4-(10H-phenothiazin-10-yl)benzonitrile,N#CC(C=C1)=C(C(F)(F)F)C=C1N2C3=CC=CC=C3OC4=C2C=CC=C4
678,None,4-(10H-phenoxazin-10-yl)benzonitrile,N#CC(C=C1)=CC=C1N2C3=CC=CC=C3OC4=C2C=CC=C4
679,TCTA,tris(4-(9H-carbazol-9-yl)phenyl)amine,C1(N(C2=CC=C(N(C3=CC=C(N4C(C=CC=C5)=C5C6=C4C=CC=C6)C=C3)C7=CC=C(N8C(C=CC=C9)=C9C%10=C8C=CC=C%10)C=C7)C=C2)C%11=C%12C=CC=C%11)=C%12C=CC=C1
680,TCNSFX,"spiro[fluorene-9,9'-xanthene]-2,3',6',7-tetracarbonitrile",N#CC1=CC2=C(C=C1)C3=C(C=C(C#N)C=C3)C42C5=CC=C(C#N)C=C5OC6=C4C=CC(C#N)=C6
681,1CzAcDBTO,"2,8-bis(2,7-bis(3,6-di-tert-butyl-9H-carbazol-9-yl)-9,9-dimethylacridin-10(9H)-yl)dibenzo[b,d]thiophene 5,5-dioxide",O=S1(C2=C(C3=C1C=CC(N4C(C=CC(N5C(C=CC(C(C)(C)C)=C6)=C6C7=C5C=CC(C(C)(C)C)=C7)=C8)=C8C(C)(C)C9=C4C=CC(N%10C(C=CC(C(C)(C)C)=C%11)=C%11C%12=C%10C=CC(C(C)(C)C)=C%12)=C9)=C3)C=C(N%13C(C=CC(N%14C(C=CC(C(C)(C)C)=C%15)=C%15C%16=C%14C=CC(C(C)(C)C)=C%16)=C%17)=C%17C(C)(C)C%18=C%13C=CC(N%19C(C=CC(C(C)(C)C)=C%20)=C%20C%21=C%19C=CC(C(C)(C)C)=C%21)=C%18)C=C2)=O
682,2CzAcDBTO,"2,8-bis(9,9-dimethyl-2,7-bis(3,3'',6,6''-tetra-tert-butyl-9'H-[9,3':6',9''-tercarbazol]-9'-yl)acridin-10(9H)-yl)dibenzo[b,d]thiophene 5,5-dioxide",O=S1(C2=C(C3=C1C=CC(N4C(C=CC(N5C(C=CC(N6C(C=CC(C(C)(C)C)=C7)=C7C8=C6C=CC(C(C)(C)C)=C8)=C9)=C9C%10=C5C=CC(N%11C(C=CC(C(C)(C)C)=C%12)=C%12C%13=C%11C=CC(C(C)(C)C)=C%13)=C%10)=C%14)=C%14C(C)(C)C%15=C4C=CC(N%16C(C=CC(N%17C(C=CC(C(C)(C)C)=C%18)=C%18C%19=C%17C=CC(C(C)(C)C)=C%19)=C%20)=C%20C%21=C%16C=CC(N%22C(C=CC(C(C)(C)C)=C%23)=C%23C%24=C%22C=CC(C(C)(C)C)=C%24)=C%21)=C%15)=C3)C=C(N%25C(C=CC(N%26C(C=CC(N%27C(C=CC(C(C)(C)C)=C%28)=C%28C%29=C%27C=CC(C(C)(C)C)=C%29)=C%30)=C%30C%31=C%26C=CC(N%32C(C=CC(C(C)(C)C)=C%33)=C%33C%34=C%32C=CC(C(C)(C)C)=C%34)=C%31)=C%35)=C%35C(C)(C)C%36=C%25C=CC(N%37C(C=CC(N%38C(C=CC(C(C)(C)C)=C%39)=C%39C%40=C%38C=CC(C(C)(C)C)=C%40)=C%41)=C%41C%42=C%37C=CC(N%43C(C=CC(C(C)(C)C)=C%44)=C%44C%45=C%43C=CC(C(C)(C)C)=C%45)=C%42)=C%36)C=C2)=O
683,IDAC-MCO,"6-(13,13-dimethyl-5-phenyl-5,13-dihydro-11H-indolo[2,3-b]acridin-11-yl)-3-methyl-1H-isochromen-1-one",CC(OC1=O)=CC2=C1C=CC(N3C(C=CC=C4)=C4C5=C3C=C6C(N(C7=CC=CC=C7)C(C=CC=C8)=C8C6(C)C)=C5)=C2
684,IDAC-Trz,"11-(4-(4,6-diphenyl-1,3,5-triazin-2-yl)phenyl)-13,13-dimethyl-5-phenyl-11,13-dihydro-5H-indolo[2,3-b]acridine",CC1(C)C2=C(C=CC=C2)N(C3=CC=CC=C3)C(C1=C4)=CC5=C4N(C6=C5C=CC=C6)C7=CC=C(C8=NC(C9=CC=CC=C9)=NC(C%10=CC=CC=C%10)=N8)C=C7
685,BBPICT,"11-(4,6-di([1,1'-biphenyl]-4-yl)-1,3,5-triazin-2-yl)-12-phenyl-11,12-dihydroindolo[2,3-a]carbazole",C1(N(C2=CC=CC=C2)C3=C4C=CC5=C3N(C6=NC(C7=CC=C(C8=CC=CC=C8)C=C7)=NC(C9=CC=C(C%10=CC=CC=C%10)C=C9)=N6)C%11=C5C=CC=C%11)=C4C=CC=C1
686,pBFCz-26DPPM,"5-(4-(2,6-diphenylpyrimidin-4-yl)phenyl)-5H-benzofuro[3,2-c]carbazole",C1(C2=NC(C3=CC=CC=C3)=NC(C4=CC=C(N5C(C=CC=C6)=C6C7=C5C=CC8=C7OC9=C8C=CC=C9)C=C4)=C2)=CC=CC=C1
687,pBTCz-26DPPM,"5-(4-(2,6-diphenylpyrimidin-4-yl)phenyl)-5H-benzo[4,5]thieno[3,2-c]carbazole",C1(C2=NC(C3=CC=CC=C3)=NC(C4=CC=C(N5C(C=CC=C6)=C6C7=C5C=CC8=C7SC9=C8C=CC=C9)C=C4)=C2)=CC=CC=C1
688,PXZ-DCPP,"7,10-di(10H-phenoxazin-10-yl)dibenzo[f,h]quinoxaline-2,3-dicarbonitrile",N#CC1=NC2=C(N=C1C#N)C3=C(C=C(N4C(C=CC=C5)=C5OC6=C4C=CC=C6)C=C3)C7=C2C=CC(N8C9=C(C=CC=C9)OC%10=C8C=CC=C%10)=C7
689,PTZ-DCPP,"7,10-di(10H-phenothiazin-10-yl)dibenzo[f,h]quinoxaline-2,3-dicarbonitrile",N#CC1=NC2=C(N=C1C#N)C3=C(C=C(N4C(C=CC=C5)=C5SC6=C4C=CC=C6)C=C3)C7=C2C=CC(N8C9=C(C=CC=C9)SC%10=C8C=CC=C%10)=C7
690,4CzCNPhPy,"4-((2r,3r,5r,6s)-2,3,5,6-tetra(9H-carbazol-9-yl)pyridin-4-yl)benzonitrile",N#CC(C=C1)=CC=C1C2=[C@@]([N@@]3C(C=CC=C4)=C4C5=C3C=CC=C5)[C@@]([N@@]6C(C=CC=C7)=C7C8=C6C=CC=C8)=N[C@]([N@]9C(C=CC=C%10)=C%10C%11=C9C=CC=C%11)=[C@]2[N@]%12C(C=CC=C%13)=C%13C%14=C%12C=CC=C%14
691,4CzCNPy,"(2r,3r,5r,6s)-2,3,5,6-tetra(9H-carbazol-9-yl)isonicotinonitrile",N#CC1=[C@@]([N@@]2C(C=CC=C3)=C3C4=C2C=CC=C4)[C@@]([N@@]5C(C=CC=C6)=C6C7=C5C=CC=C7)=N[C@]([N@]8C(C=CC=C9)=C9C%10=C8C=CC=C%10)=[C@]1[N@]%11C(C=CC=C%12)=C%12C%13=C%11C=CC=C%13
692,MPPA-MCBP,"2,6-bis(4-(bis(4-((6-((9-(4'-(9H-carbazol-9-yl)-[1,1'-biphenyl]-4-yl)-9H-carbazol-3-yl)oxy)hexyl)oxy)phenyl)amino)phenyl)anthracene-9,10-dione",O=C1C2=C(C=CC(C3=CC=C(N(C4=CC=C(OCCCCCCOC5=CC(C(C=CC=C6)=C6N7C8=CC=C(C9=CC=C(N%10C(C=CC=C%11)=C%11C%12=C%10C=CC=C%12)C=C9)C=C8)=C7C=C5)C=C4)C%13=CC=C(OCCCCCCOC(C=C%14)=CC%15=C%14N(C%16=CC=C(C%17=CC=C(N%18C(C=CC=C%19)=C%19C%20=C%18C=CC=C%20)C=C%17)C=C%16)C%21=C%15C=CC=C%21)C=C%13)C=C3)=C2)C(C%22=C1C=CC(C(C=C%23)=CC=C%23N(C%24=CC=C(OCCCCCCOC(C=C%25)=CC%26=C%25N(C%27=C%26C=CC=C%27)C(C=C%28)=CC=C%28C(C=C%29)=CC=C%29N%30C%31=C(C=CC=C%31)C%32=C%30C=CC=C%32)C=C%24)C%33=CC=C(OCCCCCCOC%34=CC(C%35=C%36C=CC=C%35)=C(C=C%34)N%36C(C=C%37)=CC=C%37C(C=C%38)=CC=C%38N%39C%40=C(C=CC=C%40)C%41=C%39C=CC=C%41)C=C%33)=C%22)=O
693,PTSOPO,10-(4-((4-(10H-phenothiazin-10-yl)phenyl)sulfonyl)phenyl)-10H-phenoxazine,O=S(C(C=C1)=CC=C1N2C3=C(C=CC=C3)SC4=C2C=CC=C4)(C5=CC=C(N6C(C=CC=C7)=C7OC8=C6C=CC=C8)C=C5)=O
694,PTSOPT,"10,10'-(sulfonylbis(4,1-phenylene))bis(10H-phenothiazine)",O=S(C(C=C1)=CC=C1N2C3=C(C=CC=C3)SC4=C2C=CC=C4)(C5=CC=C(N6C(C=CC=C7)=C7SC8=C6C=CC=C8)C=C5)=O
695,2CzPN,"4,5-bis(1,7-dihydro-4H-dicyclopenta[b,d]pyrrol-4-yl)phthalonitrile",N#CC1=C(C#N)C=C(N2C(C=CC3)=C3C4=C2C=CC4)C(N5C(C=CC6)=C6C7=C5C=CC7)=C1
696,CyFbCz,"2,3,5,6-tetra(9H-carbazol-9-yl)-4-fluorobenzonitrile",FC1=C(N2C(C=CC=C3)=C3C4=C2C=CC=C4)C(N5C(C=CC=C6)=C6C7=C5C=CC=C7)=C(C#N)C(N8C(C=CC=C9)=C9C%10=C8C=CC=C%10)=C1N%11C(C=CC=C%12)=C%12C%13=C%11C=CC=C%13
697,DAB-DCNB,"3',5'-bis(9,9-dimethylacridin-10(9H)-yl)-[1,1'-biphenyl]-2,6-dicarbonitrile",CC(C1=C2C=CC=C1)(C)C3=C(C=CC=C3)N2C4=CC(C5=C(C#N)C=CC=C5C#N)=CC(N6C(C=CC=C7)=C7C(C)(C)C8=C6C=CC=C8)=C4
698,None,tris(2-methoxy-4-(9-phenyl-9H-fluoren-9-yl)phenyl)amine,COC1=C(N(C2=CC=C(C3(C(C=CC=C4)=C4C5=C3C=CC=C5)C6=CC=CC=C6)C=C2OC)C7=CC=C(C8(C(C=CC=C9)=C9C%10=C8C=CC=C%10)C%11=CC=CC=C%11)C=C7OC)C=CC(C%12(C%13=CC=CC=C%13)C%14=CC=CC=C%14C%15=C%12C=CC=C%15)=C1
699,None,tris(2-methoxy-4-(9-(4-methoxyphenyl)-9H-fluoren-9-yl)phenyl)amine,COC1=C(N(C2=CC=C(C3(C(C=CC=C4)=C4C5=C3C=CC=C5)C6=CC=C(OC)C=C6)C=C2OC)C7=CC=C(C8(C(C=CC=C9)=C9C%10=C8C=CC=C%10)C%11=CC=C(OC)C=C%11)C=C7OC)C=CC(C%12(C%13=CC=C(OC)C=C%13)C%14=CC=CC=C%14C%15=C%12C=CC=C%15)=C1
700,None,tris(3-methoxy-4-(9-phenyl-9H-fluoren-9-yl)phenyl)amine,COC1=CC(N(C2=CC=C(C3(C(C=CC=C4)=C4C5=C3C=CC=C5)C6=CC=CC=C6)C(OC)=C2)C(C=C7)=CC(OC)=C7C8(C9=CC=CC=C9)C%10=CC=CC=C%10C%11=C8C=CC=C%11)=CC=C1C%12(C(C=CC=C%13)=C%13C%14=C%12C=CC=C%14)C%15=CC=CC=C%15
701,None,tris(3-methoxy-4-(9-(4-methoxyphenyl)-9H-fluoren-9-yl)phenyl)amine,COC1=CC(N(C2=CC=C(C3(C(C=CC=C4)=C4C5=C3C=CC=C5)C6=CC=C(OC)C=C6)C(OC)=C2)C(C=C7)=CC(OC)=C7C8(C9=CC=C(OC)C=C9)C%10=CC=CC=C%10C%11=C8C=CC=C%11)=CC=C1C%12(C(C=CC=C%13)=C%13C%14=C%12C=CC=C%14)C%15=CC=C(OC)C=C%15
702,CNPP-TPA,"7,10-bis(4-(diphenylamino)phenyl)pyrazino[2,3-f][1,10]phenanthroline-2,3-dicarbonitrile",N#CC1=C(C#N)N=C(C(C=CC(C2=CC=C(N(C3=CC=CC=C3)C4=CC=CC=C4)C=C2)=N5)=C5C6=C7C=CC(C8=CC=C(N(C9=CC=CC=C9)C%10=CC=CC=C%10)C=C8)=N6)C7=N1
703,CNPP-TPA,"7,10-bis(4-(diphenylamino)phenyl)pyrazino[2,3-f][1,10]phenanthroline-2,3-dicarbonitrile",N#CC1=C(C#N)N=C(C(C=CC(C2=CC=C(N(C3=CC=CC=C3)C4=CC=CC=C4)C=C2)=N5)=C5C6=C7C=CC(C8=CC=C(N(C9=CC=CC=C9)C%10=CC=CC=C%10)C=C8)=N6)C7=N1
704,CNPP-TPA,"7,10-bis(4-(diphenylamino)phenyl)pyrazino[2,3-f][1,10]phenanthroline-2,3-dicarbonitrile",N#CC1=C(C#N)N=C(C(C=CC(C2=CC=C(N(C3=CC=CC=C3)C4=CC=CC=C4)C=C2)=N5)=C5C6=C7C=CC(C8=CC=C(N(C9=CC=CC=C9)C%10=CC=CC=C%10)C=C8)=N6)C7=N1
705,BCC-36:PO-T2T,"9'-phenyl-9'H-9,3':6',9''-tercarbazole",C1(N2C(C=CC(N3C(C=CC=C4)=C4C5=C3C=CC=C5)=C6)=C6C7=C2C=CC(N8C(C=CC=C9)=C9C%10=C8C=CC=C%10)=C7)=CC=CC=C1
706,"2,7-DtBuCZ-AD","2,7-bis(3,6-di-tert-butyl-9H-carbazol-9-yl)-10-phenylacridin-9(10H)-one",O=C(C1=C2C=CC(N3C(C=CC(C(C)(C)C)=C4)=C4C5=C3C=CC(C(C)(C)C)=C5)=C1)C6=C(C=CC(N7C(C=CC(C(C)(C)C)=C8)=C8C9=C7C=CC(C(C)(C)C)=C9)=C6)N2C%10=CC=CC=C%10
707,"3,6-DtBuCZ-AD","3,6-bis(3,6-di-tert-butyl-9H-carbazol-9-yl)-10-phenylacridin-9(10H)-one",O=C1C2=C(N(C3=C1C=CC(N4C5=C(C6=C4C=CC(C(C)(C)C)=C6)C=C(C(C)(C)C)C=C5)=C3)C7=CC=CC=C7)C=C(C=C2)N8C9=C(C%10=C8C=CC(C(C)(C)C)=C%10)C=C(C(C)(C)C)C=C9
708,"3,6-DMAC-AD","9,9,9'',9''-tetramethyl-10'-phenyl-9H,9''H-[10,3':6',10''-teracridin]-9'(10'H)-one",O=C1C2=C(C=C(N3C(C=CC=C4)=C4C(C)(C)C5=C3C=CC=C5)C=C2)N(C6=CC=CC=C6)C7=C1C=CC(N8C(C=CC=C9)=C9C(C)(C)C%10=C8C=CC=C%10)=C7
709,"3,6-DMAC-AD-CF3","9,9,9'',9''-tetramethyl-10'-(4-(trifluoromethyl)phenyl)-9H,9''H-[10,3':6',10''-teracridin]-9'(10'H)-one",O=C1C2=C(C=C(N3C(C=CC=C4)=C4C(C)(C)C5=C3C=CC=C5)C=C2)N(C6=CC=C(C(F)(F)F)C=C6)C7=C1C=CC(N8C(C=CC=C9)=C9C(C)(C)C%10=C8C=CC=C%10)=C7
710,D1-tBu,"9,9',9'',9'''-(((3as,6as)-2,5-methanopentalene-2,3a,5,6a(1H,3H,4H,6H)-tetrayl)tetrakis(benzene-4,1-diyl))tetrakis(3,6-di-tert-butyl-9H-carbazole)",CC(C)(C)C(C=C1)=CC2=C1N(C3=C2C=C(C(C)(C)C)C=C3)C(C=C4)=CC=C4[C@]([C@]5(C6=CC=C(N7C(C=CC(C(C)(C)C)=C8)=C8C9=C7C=CC(C(C)(C)C)=C9)C=C6)C%10)(CC(C5)(C%11=CC=C(N%12C(C=CC(C(C)(C)C)=C%13)=C%13C%14=C%12C=CC(C(C)(C)C)=C%14)C=C%11)C%15)CC%10%15C%16=CC=C(N%17C(C=CC(C(C)(C)C)=C%18)=C%18C%19=C%17C=CC(C(C)(C)C)=C%19)C=C%16
711,D1-Obu,"9,9',9'',9'''-(((3as,6as)-2,5-methanopentalene-2,3a,5,6a(1H,3H,4H,6H)-tetrayl)tetrakis(benzene-4,1-diyl))tetrakis(3,6-dibutoxy-9H-carbazole)",CCCCOC(C=C1)=CC2=C1N(C3=C2C=C(OCCCC)C=C3)C(C=C4)=CC=C4[C@]([C@]5(C6=CC=C(N7C(C=CC(OCCCC)=C8)=C8C9=C7C=CC(OCCCC)=C9)C=C6)C%10)(CC(C5)(C%11=CC=C(N%12C(C=CC(OCCCC)=C%13)=C%13C%14=C%12C=CC(OCCCC)=C%14)C=C%11)C%15)CC%10%15C%16=CC=C(N%17C(C=CC(OCCCC)=C%18)=C%18C%19=C%17C=CC(OCCCC)=C%19)C=C%16
712,D2-Obu,"9',9'''',9'''''''-((5-(4-(3,3'',6-tributoxy-9'H-[9,3':6',9''-tercarbazol]-9'-yl)phenyl)dihydro-2,5-methanopentalene-2,3a,6a(1H,3H,4H)-triyl)tris(benzene-4,1-diyl))tris(3,3'',6,6''-tetrabutoxy-9'H-9'''''',3''''''':6''''''',9''''''''-tercarbazole)",CCCCOC1=CC(C2=C3C=CC(OCCCC)=C2)=C(C=C1)N3C4=CC5=C(N(C6=CC=C([C@@]7(CC(C8=CC=C(C=C8)N9C%10=C(C%11=C9C=CC(N%12C(C=CC(OCCCC)=C%13)=C%13C%14=C%12C=CC(OCCCC)=C%14)=C%11)C=C(N%15C(C=CC(OCCCC)=C%16)=C%16C%17=C%15C=CC(OCCCC)=C%17)C=C%10)(C%18)C%19)[C@@]%19(CC%18(C%20=CC=C(C=C%20)N%21C%22=C(C%23=C%21C=CC(N%24C(C=CC(OCCCC)=C%25)=C%25C%26=C%24C=CC(OCCCC)=C%26)=C%23)C=C(N%27C(C=CC=C%28)=C%28C%29=C%27C=CC(OCCCC)=C%29)C=C%22)C7)C%30=CC=C(C=C%30)N%31C%32=C(C%33=C%31C=CC(N%34C(C=CC(OCCCC)=C%35)=C%35C%36=C%34C=CC(OCCCC)=C%36)=C%33)C=C(N%37C(C=CC(OCCCC)=C%38)=C%38C%39=C%37C=CC(OCCCC)=C%39)C=C%32)C=C6)C%40=C5C=C(C=C%40)N%41C(C=CC(OCCCC)=C%42)=C%42C%43=C%41C=CC(OCCCC)=C%43)C=C4
713,3TPAFM,2-(3-(4-(diphenylamino)phenyl)-9H-fluoren-9-ylidene)malononitrile,N#C/C(C#N)=C1C2=C(C=C(C3=CC=C(N(C4=CC=CC=C4)C5=CC=CC=C5)C=C3)C=C2)C6=C/1C=CC=C6
714,36DTPAFM,"2-(3,6-bis(4-(diphenylamino)phenyl)-9H-fluoren-9-ylidene)malononitrile",N#C/C(C#N)=C1C2=C(C=C(C3=CC=C(N(C4=CC=CC=C4)C5=CC=CC=C5)C=C3)C=C2)C6=C/1C=CC(C7=CC=C(N(C8=CC=CC=C8)C9=CC=CC=C9)C=C7)=C6
715,3TPAF,3-(4-(diphenylamino)phenyl)-9H-fluoren-9-one,O=C1C2=C(C3=C1C=CC=C3)C=C(C=C2)C4=CC=C(C=C4)N(C5=CC=CC=C5)C6=CC=CC=C6
716,36DTPAF,"3,6-bis(4-(diphenylamino)phenyl)-9H-fluoren-9-one",O=C1C2=C(C3=C1C=CC(C4=CC=C(C=C4)N(C5=CC=CC=C5)C6=CC=CC=C6)=C3)C=C(C=C2)C7=CC=C(C=C7)N(C8=CC=CC=C8)C9=CC=CC=C9
717,pDPAPQ-PXZ,"10-(9,10-di(pyridin-4-yl)acenaphtho[1,2-b]quinoxalin-3-yl)-10H-phenoxazine",C12=CC(C3=CC=NC=C3)=C(C4=CC=NC=C4)C=C1N=C5C(C6=C7C5=CC=C(N8C(C=CC=C9)=C9OC%10=C8C=CC=C%10)C7=CC=C6)=N2
718,pDPBPZ-PXZ,"10-(11,12-di(pyridin-4-yl)dibenzo[a,c]phenazin-3-yl)-10H-phenoxazine",C12=CC(C3=CC=NC=C3)=C(C4=CC=NC=C4)C=C1N=C5C(C(C=CC=C6)=C6C7=C5C=CC(N8C(C=CC=C9)=C9OC%10=C8C=CC=C%10)=C7)=N2
719,DVCz-2CzCN,"2,6-bis(4-((6-(4-((4-vinylbenzyl)oxy)-9H-carbazol-9-yl)hexyl)oxy)-9H-carbazol-9-yl)benzonitrile",C=CC(C=C1)=CC=C1COC2=CC=CC3=C2C(C=CC=C4)=C4N3CCCCCCOC5=CC=CC6=C5C(C=CC=C7)=C7N6C8=C(C#N)C(N9C(C=CC=C%10)=C%10C%11=C9C=CC=C%11OCCCCCCN%12C(C=CC=C%13)=C%13C%14=C%12C=CC=C%14OCC%15=CC=C(C=C)C=C%15)=CC=C8
720,DVCz-2CzCN,"2,6-bis(4-((6-(4-((4-vinylbenzyl)oxy)-9H-carbazol-9-yl)hexyl)oxy)-9H-carbazol-9-yl)benzonitrile",C=CC(C=C1)=CC=C1COC2=CC=CC3=C2C(C=CC=C4)=C4N3CCCCCCOC5=CC=CC6=C5C(C=CC=C7)=C7N6C8=C(C#N)C(N9C(C=CC=C%10)=C%10C%11=C9C=CC=C%11OCCCCCCN%12C(C=CC=C%13)=C%13C%14=C%12C=CC=C%14OCC%15=CC=C(C=C)C=C%15)=CC=C8
721,DVCz-2CzCN,"2,6-bis(4-((6-(4-((4-vinylbenzyl)oxy)-9H-carbazol-9-yl)hexyl)oxy)-9H-carbazol-9-yl)benzonitrile",C=CC(C=C1)=CC=C1COC2=CC=CC3=C2C(C=CC=C4)=C4N3CCCCCCOC5=CC=CC6=C5C(C=CC=C7)=C7N6C8=C(C#N)C(N9C(C=CC=C%10)=C%10C%11=C9C=CC=C%11OCCCCCCN%12C(C=CC=C%13)=C%13C%14=C%12C=CC=C%14OCC%15=CC=C(C=C)C=C%15)=CC=C8
722,?-DABNA,none,C1(N(C2=CC=CC=C2)C3=CC(N(C4=CC=CC=C4)C(C=C(N(C5=CC=CC=C5)C6=C7B8C9=C(C=CC=C9)N(C%10=CC=CC=C%10)C7=CC(N(C%11=CC=CC=C%11)C%12=CC=CC=C%12)=C6)C8=C%13)=C%13B%14C(C=CC=C%15)=C%15N%16C%17=CC=CC=C%17)=C%14C%16=C3)=CC=CC=C1
723,m-?-DABNA,none,CC1=CC=CC(N(C2=CC(C)=CC=C2)C3=CC(N(C4=CC=CC=C4)C(C=C(N(C5=CC=CC=C5)C6=C7B8C9=C(C=C(C)C=C9)N(C%10=CC=CC(C)=C%10)C7=CC(N(C%11=CC=CC(C)=C%11)C%12=CC(C)=CC=C%12)=C6)C8=C%13)=C%13B%14C(C=CC(C)=C%15)=C%15N%16C%17=CC(C)=CC=C%17)=C%14C%16=C3)=C1
724,4F-?-DABNA,none,FC(C=CC=C1F)=[C@@]1[N@](C(C=C([N@]([C@]2=C(F)C=CC=C2F)C3=C4B5C6=C(C=CC=C6)N(C7=CC=CC=C7)C4=CC(N(C8=CC=CC=C8)C9=CC=CC=C9)=C3)C5=C%10)=C%10B%11C(C=CC=C%12)=C%12N%13C%14=CC=CC=C%14)C%15=C%11C%13=CC(N(C%16=CC=CC=C%16)C%17=CC=CC=C%17)=C%15
725,4F-m-?-DABNA,none,CC1=CC=CC(N(C2=CC3=C(C4=C2)B(C5=C(N4C6=CC(C)=CC=C6)C=C(C)C=C5)C7=C(C=C(C8=C7)[N@@](C9=C%10B8C%11=C(N(C%10=CC(N(C%12=CC(C)=CC=C%12)C%13=CC=CC(C)=C%13)=C9)C%14=CC=CC(C)=C%14)C=C(C=C%11)C)[C@@]%15=C(F)C=CC=C%15F)[N@]3[C@]%16=C(F)C=CC=C%16F)C%17=CC(C)=CC=C%17)=C1
726,SFO-SPAC,"(S)-1'-fluoro-4'-methyl-2-(10H-spiro[acridine-9,9'-fluoren]-10-yl)-10H-spiro[anthracene-9,9'-fluoren]-10-one",FC1=CC=C(C)C(C2=C3C=CC=C2)=C1[C@@]43C5=C(C=CC=C5)C(C6=C4C=C(N7C(C=CC=C8)=C8C9(C(C=CC=C%10)=C%10C%11=C9C=CC=C%11)C%12=C7C=CC=C%12)C=C6)=O
727,SFO-DMAC,"(S)-2-(9,9-dimethylacridin-10(9H)-yl)-1'-fluoro-4'-methyl-10H-spiro[anthracene-9,9'-fluoren]-10-one",FC1=CC=C(C)C(C2=C3C=CC=C2)=C1[C@@]43C5=C(C=CC=C5)C(C6=C4C=C(N7C(C=CC=C8)=C8C(C)(C)C9=C7C=CC=C9)C=C6)=O
728,SFO-DMAC,"(S)-2-(9,9-dimethylacridin-10(9H)-yl)-1'-fluoro-4'-methyl-10H-spiro[anthracene-9,9'-fluoren]-10-one",FC1=CC=C(C)C(C2=C3C=CC=C2)=C1[C@@]43C5=C(C=CC=C5)C(C6=C4C=C(N7C(C=CC=C8)=C8C(C)(C)C9=C7C=CC=C9)C=C6)=O
729,SFO-SPAC,"(S)-1'-fluoro-4'-methyl-2-(10H-spiro[acridine-9,9'-fluoren]-10-yl)-10H-spiro[anthracene-9,9'-fluoren]-10-one",FC1=CC=C(C)C(C2=C3C=CC=C2)=C1[C@@]43C5=C(C=CC=C5)C(C6=C4C=C(N7C(C=CC=C8)=C8C9(C(C=CC=C%10)=C%10C%11=C9C=CC=C%11)C%12=C7C=CC=C%12)C=C6)=O
730,SFO-DMAC,"(S)-2-(9,9-dimethylacridin-10(9H)-yl)-1'-fluoro-4'-methyl-10H-spiro[anthracene-9,9'-fluoren]-10-one",FC1=CC=C(C)C(C2=C3C=CC=C2)=C1[C@@]43C5=C(C=CC=C5)C(C6=C4C=C(N7C(C=CC=C8)=C8C(C)(C)C9=C7C=CC=C9)C=C6)=O
731,SFO-SPAC,"(S)-1'-fluoro-4'-methyl-2-(10H-spiro[acridine-9,9'-fluoren]-10-yl)-10H-spiro[anthracene-9,9'-fluoren]-10-one",FC1=CC=C(C)C(C2=C3C=CC=C2)=C1[C@@]43C5=C(C=CC=C5)C(C6=C4C=C(N7C(C=CC=C8)=C8C9(C(C=CC=C%10)=C%10C%11=C9C=CC=C%11)C%12=C7C=CC=C%12)C=C6)=O
732,5PCzCN,"2,3,4,5,6-pentakis(3,6-dimethyl-9H-carbazol-9-yl)benzonitrile",CC1=CC(C2=C3C=CC(C)=C2)=C(C=C1)N3C4=C(N5C(C=CC(C)=C6)=C6C7=C5C=CC(C)=C7)C(N8C(C=CC(C)=C9)=C9C%10=C8C=CC(C)=C%10)=C(N%11C(C=CC(C)=C%12)=C%12C%13=C%11C=CC(C)=C%13)C(N%14C(C=CC(C)=C%15)=C%15C%16=C%14C=CC(C)=C%16)=C4C#N
733,2DN,"2-(2,6-diisopropylphenyl)-5,8-bis(9,9-dimethylacridin-10(9H)-yl)-1H-benzo[de]isoquinoline-1,3(2H)-dione",CC(C)C1=CC=CC(C(C)C)=C1N(C2=O)C(C3=CC(N4C(C=CC=C5)=C5C(C)(C)C6=C4C=CC=C6)=CC7=CC(N8C(C=CC=C9)=C9C(C)(C)C%10=C8C=CC=C%10)=CC2=C73)=O
734,2PN,"2-(2,6-diisopropylphenyl)-5,8-di(10H-phenoxazin-10-yl)-1H-benzo[de]isoquinoline-1,3(2H)-dione",CC(C)C1=CC=CC(C(C)C)=C1N(C2=O)C(C3=CC(N4C(C=CC=C5)=C5OC6=C4C=CC=C6)=CC7=CC(N8C(C=CC=C9)=C9OC%10=C8C=CC=C%10)=CC2=C73)=O
735,2DN,"2-(2,6-diisopropylphenyl)-5,8-bis(9,9-dimethylacridin-10(9H)-yl)-1H-benzo[de]isoquinoline-1,3(2H)-dione",CC(C)C1=CC=CC(C(C)C)=C1N(C2=O)C(C3=CC(N4C(C=CC=C5)=C5C(C)(C)C6=C4C=CC=C6)=CC7=CC(N8C(C=CC=C9)=C9C(C)(C)C%10=C8C=CC=C%10)=CC2=C73)=O
736,2PN,"2-(2,6-diisopropylphenyl)-5,8-di(10H-phenoxazin-10-yl)-1H-benzo[de]isoquinoline-1,3(2H)-dione",CC(C)C1=CC=CC(C(C)C)=C1N(C2=O)C(C3=CC(N4C(C=CC=C5)=C5OC6=C4C=CC=C6)=CC7=CC(N8C(C=CC=C9)=C9OC%10=C8C=CC=C%10)=CC2=C73)=O
737,TBQ-DPXZ,"2,3-bis(4-(10H-phenoxazin-10-yl)phenyl)-6,6a,10b,11-tetrahydro-6,11-[1,2]benzenobenzo[3,4]cyclobuta[1,2-b]phenazine",C1(C2=CC=C(N3C(C=CC=C4)=C4OC5=C3C=CC=C5)C=C2)=CC6=C(N=C7C(C8C(C9=C%10C=CC=C9)C%10C7C%11=C8C=CC=C%11)=N6)C=C1C%12=CC=C(N%13C(C=CC=C%14)=C%14OC%15=C%13C=CC=C%15)C=C%12
738,TBP-DPXZ,"3,6-di(10H-phenoxazin-10-yl)-11,11a,15b,16-tetrahydro-11,16-[1,2]benzenobenzo[3,4]cyclobuta[1,2-b]phenanthro[9,10-i]phenazine",C1(C2=CC=C(N3C(C=CC=C4)=C4OC5=C3C=CC=C5)C=C26)=CC7=C(N=C8C(C9C(C%10=C%11C=CC=C%10)C%11C8C%12=C9C=CC=C%12)=N7)C=C1C%13=C6C=C(N%14C(C=CC=C%15)=C%15OC%16=C%14C=CC=C%16)C=C%13
739,TBP-DPXZ,"3,6-di(10H-phenoxazin-10-yl)-11,11a,15b,16-tetrahydro-11,16-[1,2]benzenobenzo[3,4]cyclobuta[1,2-b]phenanthro[9,10-i]phenazine",C1(C2=CC=C(N3C(C=CC=C4)=C4OC5=C3C=CC=C5)C=C26)=CC7=C(N=C8C(C9C(C%10=C%11C=CC=C%10)C%11C8C%12=C9C=CC=C%12)=N7)C=C1C%13=C6C=C(N%14C(C=CC=C%15)=C%15OC%16=C%14C=CC=C%16)C=C%13
740,TBQ-DPXZ,"2,3-bis(4-(10H-phenoxazin-10-yl)phenyl)-6,6a,10b,11-tetrahydro-6,11-[1,2]benzenobenzo[3,4]cyclobuta[1,2-b]phenazine",C1(C2=CC=C(N3C(C=CC=C4)=C4OC5=C3C=CC=C5)C=C2)=CC6=C(N=C7C(C8C(C9=C%10C=CC=C9)C%10C7C%11=C8C=CC=C%11)=N6)C=C1C%12=CC=C(N%13C(C=CC=C%14)=C%14OC%15=C%13C=CC=C%15)C=C%12
741,SIR-A,"10-(4-(tert-butyl)phenyl)-2,7-dimethyl-10H,10'H-spiro[acridine-9,9'-anthracen]-10'-one",O=C1C2=C(C=CC=C2)C3(C(C=C(C)C=C4)=C4N(C5=CC=C(C(C)(C)C)C=C5)C6=C3C=C(C)C=C6)C7=CC=CC=C71
742,SIR-B,"10-(4-(tert-butyl)phenyl)-2,7-dimethyl-2',6'-diphenyl-10H,10'H-spiro[acridine-9,9'-anthracen]-10'-one",O=C1C2=C(C=CC(C3=CC=CC=C3)=C2)C4(C(C=C(C)C=C5)=C5N(C6=CC=C(C(C)(C)C)C=C6)C7=C4C=C(C)C=C7)C8=CC(C9=CC=CC=C9)=CC=C81
743,SIR-C,"2',6'-di([1,1'-biphenyl]-2-yl)-10-(4-(tert-butyl)phenyl)-2,7-dimethyl-10H,10'H-spiro[acridine-9,9'-anthracen]-10'-one",O=C1C2=C(C=CC(C3=C(C4=CC=CC=C4)C=CC=C3)=C2)C5(C(C=C(C)C=C6)=C6N(C7=CC=C(C(C)(C)C)C=C7)C8=C5C=C(C)C=C8)C9=CC(C%10=C(C%11=CC=CC=C%11)C=CC=C%10)=CC=C91
744,4Cz-mCP-PxzTrz,"10-(4-(4-(4-((1-(5-(9''-(6-(4-((2-(3,5-di(9H-carbazol-9-yl)phenoxy)ethoxy)methyl)-1H-1,2,3-triazol-1-yl)hexyl)-9'-(2-ethylhexyl)-6,6''-dimethyl-9H,9'H,9''H-[3,3':6',3''-tercarbazol]-9-yl)pentyl)-1H-1,2,3-triazol-4-yl)methoxy)phenyl)-6-phenyl-1,3,5-triazin-2-yl)phenyl)-10H-phenoxazine",CC(C=C1)=CC2=C1N(CCCCCCN3C=C(COCCOC4=CC(N5C(C=CC=C6)=C6C7=C5C=CC=C7)=CC(N8C(C=CC=C9)=C9C%10=C8C=CC=C%10)=C4)N=N3)C(C=C%11)=C2C=C%11C(C=C%12)=CC%13=C%12N(CC(CC)CCCC)C(C=C%14)=C%13C=C%14C(C=C%15)=CC%16=C%15N(CCCCCN%17C=C(COC%18=CC=C(C%19=NC(C%20=CC=CC=C%20)=NC(C%21=CC=C(N%22C(C=CC=C%23)=C%23OC%24=C%22C=CC=C%24)C=C%21)=N%19)C=C%18)N=N%17)C%25=C%16C=C(C)C=C%25
745,PxzTrz,"10-(4-(4-(4-methoxyphenyl)-6-phenyl-1,3,5-triazin-2-yl)phenyl)-10H-phenoxazine",COC1=CC=C(C2=NC(C3=CC=CC=C3)=NC(C4=CC=C(N5C(C=CC=C6)=C6OC7=C5C=CC=C7)C=C4)=N2)C=C1
746,DVCz-3CzCN,"2,4,6-tris(4-((4-vinylbenzyl)oxy)-9H-carbazol-9-yl)benzonitrile",C=CC(C=C1)=CC=C1COC2=CC=CC3=C2C(C=CC=C4)=C4N3C5=C(C#N)C(N6C(C=CC=C7)=C7C8=C6C=CC=C8OCC9=CC=C(C=C)C=C9)=CC(N%10C(C=CC=C%11)=C%11C%12=C%10C=CC=C%12OCC%13=CC=C(C=C)C=C%13)=C5
747,DV-3CzCN,"2,4,6-tris(4-((6-(4-((4-vinylbenzyl)oxy)-9H-carbazol-9-yl)hexyl)oxy)-9H-carbazol-9-yl)benzonitrile",C=CC(C=C1)=CC=C1COC2=CC=CC3=C2C4=C(C=CC=C4)N3CCCCCCOC5=CC=CC6=C5C7=C(C=CC=C7)N6C8=CC(N9C(C=CC=C%10)=C%10C%11=C9C=CC=C%11OCCCCCCN%12C(C=CC=C%13)=C%13C%14=C%12C=CC=C%14OCC%15=CC=C(C=C)C=C%15)=CC(N%16C(C=CC=C%17OCCCCCCN%18C(C=CC=C%19OCC%20=CC=C(C=C)C=C%20)=C%19C%21=C%18C=CC=C%21)=C%17C%22=C%16C=CC=C%22)=C8C#N
748,TA,"2,6-bis(diphenylamino)anthracene-9,10-dione",O=C1C2=C(C=CC(N(C3=CC=CC=C3)C4=CC=CC=C4)=C2)C(C5=CC(N(C6=CC=CC=C6)C7=CC=CC=C7)=CC=C51)=O
749,TS-2,"2,6-bis((4-(4-((4-(9H-carbazol-9-yl)phenyl)sulfonyl)phenoxy)phenyl)(phenyl)amino)anthracene-9,10-dione",O=C1C2=C(C=CC(N(C3=CC=CC=C3)C4=CC=C(OC5=CC=C(S(C6=CC=C(N7C(C=CC=C8)=C8C9=C7C=CC=C9)C=C6)(=O)=O)C=C5)C=C4)=C2)C(C%10=CC(N(C%11=CC=CC=C%11)C%12=CC=C(OC%13=CC=C(S(C%14=CC=C(N%15C(C=CC=C%16)=C%16C%17=C%15C=CC=C%17)C=C%14)(=O)=O)C=C%13)C=C%12)=CC=C%101)=O
750,TS-1,"2,6-bis((4'-((4-(9H-carbazol-9-yl)phenyl)sulfonyl)-[1,1'-biphenyl]-4-yl)(phenyl)amino)anthracene-9,10-dione",O=C1C2=C(C=CC(N(C3=CC=CC=C3)C4=CC=C(C5=CC=C(S(C6=CC=C(N7C(C=CC=C8)=C8C9=C7C=CC=C9)C=C6)(=O)=O)C=C5)C=C4)=C2)C(C%10=CC(N(C%11=CC=CC=C%11)C%12=CC=C(C%13=CC=C(S(C%14=CC=C(N%15C(C=CC=C%16)=C%16C%17=C%15C=CC=C%17)C=C%14)(=O)=O)C=C%13)C=C%12)=CC=C%101)=O
751,T-DMAC-PPyM,"6-(4-(tert-butyl)phenyl)-2,3-bis(4-(9,9-dimethylacridin-10(9H)-yl)phenyl)-5H-pyrrolo[3,4-b]pyrazine-5,7(6H)-dione",CC(C)(C)C(C=C1)=CC=C1N2C(C3=NC(C4=CC=C(N5C(C=CC=C6)=C6C(C)(C)C7=C5C=CC=C7)C=C4)=C(C8=CC=C(N9C(C=CC=C%10)=C%10C(C)(C)C%11=C9C=CC=C%11)C=C8)N=C3C2=O)=O
752,P-DMAC-BPyM,"11-(4-(tert-butyl)phenyl)-3,6-bis(9,9-dimethylacridin-10(9H)-yl)-10H-dibenzo[f,h]pyrrolo[3,4-b]quinoxaline-10,12(11H)-dione",CC(C)(C)C(C=C1)=CC=C1N2C(C3=NC4=C(C5=CC=C(N6C(C=CC=C7)=C7C(C)(C)C8=C6C=CC=C8)C=C5C9=C4C=CC(N%10C(C=CC=C%11)=C%11C(C)(C)C%12=C%10C=CC=C%12)=C9)N=C3C2=O)=O
753,P-DMAC-BPyM,"11-(4-(tert-butyl)phenyl)-3,6-bis(9,9-dimethylacridin-10(9H)-yl)-10H-dibenzo[f,h]pyrrolo[3,4-b]quinoxaline-10,12(11H)-dione",CC(C)(C)C(C=C1)=CC=C1N2C(C3=NC4=C(C5=CC=C(N6C(C=CC=C7)=C7C(C)(C)C8=C6C=CC=C8)C=C5C9=C4C=CC(N%10C(C=CC=C%11)=C%11C(C)(C)C%12=C%10C=CC=C%12)=C9)N=C3C2=O)=O
754,T-DMAC-PPyM,"6-(4-(tert-butyl)phenyl)-2,3-bis(4-(9,9-dimethylacridin-10(9H)-yl)phenyl)-5H-pyrrolo[3,4-b]pyrazine-5,7(6H)-dione",CC(C)(C)C(C=C1)=CC=C1N2C(C3=NC(C4=CC=C(N5C(C=CC=C6)=C6C(C)(C)C7=C5C=CC=C7)C=C4)=C(C8=CC=C(N9C(C=CC=C%10)=C%10C(C)(C)C%11=C9C=CC=C%11)C=C8)N=C3C2=O)=O
755,CBZANQ,"10H-spiro[anthracene-9,8'-indolo[3,2,1-de]acridin]-10-one",O=C(C1=C2C=CC=C1)C3=C(C=CC=C3)C42C5=C(C=CC=C5)N6C7=C4C=CC=C7C8=C6C=CC=C8
756,PXZANQ,"10H-spiro[anthracene-9,9'-quinolino[3,2,1-kl]phenoxazin]-10-one",O=C(C1=C2C=CC=C1)C3=C(C=CC=C3)C42C5=C(C=CC=C5)N6C7=C4C=CC=C7OC8=C6C=CC=C8
757,CBZANQ,"10H-spiro[anthracene-9,8'-indolo[3,2,1-de]acridin]-10-one",O=C(C1=C2C=CC=C1)C3=C(C=CC=C3)C42C5=C(C=CC=C5)N6C7=C4C=CC=C7C8=C6C=CC=C8
758,PXZANQ,"10H-spiro[anthracene-9,9'-quinolino[3,2,1-kl]phenoxazin]-10-one",O=C(C1=C2C=CC=C1)C3=C(C=CC=C3)C42C5=C(C=CC=C5)N6C7=C4C=CC=C7OC8=C6C=CC=C8
759,CZ-DPS-DMAC,"10-(4-((3,5-di(9H-carbazol-9-yl)phenyl)sulfonyl)phenyl)-9,9-dimethyl-9,10-dihydroacridine",O=S(C1=CC(N2C(C=CC=C3)=C3C4=C2C=CC=C4)=CC(N5C(C=CC=C6)=C6C7=C5C=CC=C7)=C1)(C8=CC=C(N9C(C=CC=C%10)=C%10C(C)(C)C%11=C9C=CC=C%11)C=C8)=O
760,4PCz-DPS,"9,9'-(sulfonylbis([1,1':3',1''-terphenyl]-5',2'-diyl))bis(9H-carbazole)",O=S(C1=CC(C2=CC=CC=C2)=C(N3C(C=CC=C4)=C4C5=C3C=CC=C5)C(C6=CC=CC=C6)=C1)(C7=CC(C8=CC=CC=C8)=C(N9C(C=CC=C%10)=C%10C%11=C9C=CC=C%11)C(C%12=CC=CC=C%12)=C7)=O
761,TPPOCz,"phenylbis(4-(3,3'',6,6''-tetra-tert-butyl-9'H-[9,3':6',9''-tercarbazol]-9'-yl)phenyl)phosphine oxide",CC(C)(C)C1=CC(C2=C3C=CC(C(C)(C)C)=C2)=C(C=C1)N3C4=CC(C5=C6C=CC(N7C(C=CC(C(C)(C)C)=C8)=C8C9=C7C=CC(C(C)(C)C)=C9)=C5)=C(C=C4)N6C%10=CC=C(P(C%11=CC=C(N%12C(C=CC(N%13C(C=CC(C(C)(C)C)=C%14)=C%14C%15=C%13C=CC(C(C)(C)C)=C%15)=C%16)=C%16C%17=C%12C=CC(N%18C(C=CC(C(C)(C)C)=C%19)=C%19C%20=C%18C=CC(C(C)(C)C)=C%20)=C%17)C=C%11)(C%21=CC=CC=C%21)=O)C=C%10
762,DBSOCz,"9',9''''-(sulfonylbis(4,1-phenylene))bis(3,3'',6,6''-tetra-tert-butyl-9'H-9,3':6',9''-tercarbazole)",CC(C)(C)C1=CC(C2=C3C=CC(C(C)(C)C)=C2)=C(C=C1)N3C4=CC(C5=C6C=CC(N7C(C=CC(C(C)(C)C)=C8)=C8C9=C7C=CC(C(C)(C)C)=C9)=C5)=C(C=C4)N6C%10=CC=C(S(C%11=CC=C(N%12C(C=CC(N%13C(C=CC(C(C)(C)C)=C%14)=C%14C%15=C%13C=CC(C(C)(C)C)=C%15)=C%16)=C%16C%17=C%12C=CC(N%18C(C=CC(C(C)(C)C)=C%19)=C%19C%20=C%18C=CC(C(C)(C)C)=C%20)=C%17)C=C%11)(=O)=O)C=C%10
763,None,"9,9'-(sulfonylbis(4,1-phenylene))bis(9H-carbazole)",O=S(C1=CC=C(N2C3=C(C4=C2C=CC=C4)C=CC=C3)C=C1)(C5=CC=C(N6C7=C(C8=C6C=CC=C8)C=CC=C7)C=C5)=O
764,None,"9,9''-(sulfonylbis(4,1-phenylene))bis(3',6'-di-tert-butyl-6-(3,6-di-tert-butyl-9H-carbazol-9-yl)-9H-3,9'-bicarbazole)",O=S(C1=CC=C(N2C3=C(C4=C2C=CC(N5C6=C(C7=C5C=CC(C(C)(C)C)=C7)C=C(C(C)(C)C)C=C6)=C4)C=C(N8C9=C(C%10=C8C=CC(C(C)(C)C)=C%10)C=C(C(C)(C)C)C=C9)C=C3)C=C1)(C%11=CC=C(N%12C%13=C(C%14=C%12C=CC(N%15C%16=C(C%17=C%15C=CC(C(C)(C)C)=C%17)C=C(C(C)(C)C)C=C%16)=C%14)C=C(N%18C%19=C(C%20=C%18C=CC(C(C)(C)C)=C%20)C=C(C(C)(C)C)C=C%19)C=C%13)C=C%11)=O
765,None,"9'',9'''''''-(sulfonylbis(4,1-phenylene))bis(3,3'''',6,6''''-tetra-tert-butyl-6',6'''-bis(3,6-di-tert-butyl-9H-carbazol-9-yl)-9''H-9,3':9',3'':6'',9''':3''',9''''-quinquecarbazole)",O=S(C1=CC=C(N2C3=C(C4=C2C=CC(N5C6=C(C7=C5C=CC(N8C(C=CC(C(C)(C)C)=C9)=C9C%10=C8C=CC(C(C)(C)C)=C%10)=C7)C=C(N%11C(C=CC(C(C)(C)C)=C%12)=C%12C%13=C%11C=CC(C(C)(C)C)=C%13)C=C6)=C4)C=C(N%14C%15=C(C%16=C%14C=CC(N%17C(C=CC(C(C)(C)C)=C%18)=C%18C%19=C%17C=CC(C(C)(C)C)=C%19)=C%16)C=C(N%20C(C=CC(C(C)(C)C)=C%21)=C%21C%22=C%20C=CC(C(C)(C)C)=C%22)C=C%15)C=C3)C=C1)(C%23=CC=C(N%24C%25=C(C%26=C%24C=CC(N%27C%28=C(C%29=C%27C=CC(N%30C(C=CC(C(C)(C)C)=C%31)=C%31C%32=C%30C=CC(C(C)(C)C)=C%32)=C%29)C=C(N%33C(C=CC(C(C)(C)C)=C%34)=C%34C%35=C%33C=CC(C(C)(C)C)=C%35)C=C%28)=C%26)C=C(N%36C%37=C(C%38=C%36C=CC(N%39C(C=CC(C(C)(C)C)=C%40)=C%40C%41=C%39C=CC(C(C)(C)C)=C%41)=C%38)C=C(N%42C(C=CC(C(C)(C)C)=C%43)=C%43C%44=C%42C=CC(C(C)(C)C)=C%44)C=C%37)C=C%25)C=C%23)=O
766,TA,"4',4''',4'''''-(1,3,5-triazine-2,4,6-triyl)tris(N,N-bis(4-methoxyphenyl)-[1,1'-biphenyl]-4-amine)",COC(C=C1)=CC=C1N(C2=CC=C(OC)C=C2)C(C=C3)=CC=C3C(C=C4)=CC=C4C5=NC(C6=CC=C(C7=CC=C(N(C8=CC=C(OC)C=C8)C9=CC=C(OC)C=C9)C=C7)C=C6)=NC(C%10=CC=C(C%11=CC=C(N(C%12=CC=C(OC)C=C%12)C%13=CC=C(OC)C=C%13)C=C%11)C=C%10)=N5
767,TA-Cz,"4',4''',4'''''-(1,3,5-triazine-2,4,6-triyl)tris(N,N-bis(4-((6-(9H-carbazol-9-yl)hexyl)oxy)phenyl)-[1,1'-biphenyl]-4-amine)",C1(C2=CC=C(C3=CC=C(N(C4=CC=C(OCCCCCCN5C(C=CC=C6)=C6C7=C5C=CC=C7)C=C4)C8=CC=C(OCCCCCCN9C(C=CC=C%10)=C%10C%11=C9C=CC=C%11)C=C8)C=C3)C=C2)=NC(C%12=CC=C(C%13=CC=C(N(C%14=CC=C(OCCCCCCN%15C(C=CC=C%16)=C%16C%17=C%15C=CC=C%17)C=C%14)C%18=CC=C(OCCCCCCN%19C(C=CC=C%20)=C%20C%21=C%19C=CC=C%21)C=C%18)C=C%13)C=C%12)=NC(C%22=CC=C(C%23=CC=C(N(C%24=CC=C(OCCCCCCN%25C(C=CC=C%26)=C%26C%27=C%25C=CC=C%27)C=C%24)C%28=CC=C(OCCCCCCN%29C(C=CC=C%30)=C%30C%31=C%29C=CC=C%31)C=C%28)C=C%23)C=C%22)=N1
768,TA-3Cz,"4',4''',4'''''-(1,3,5-triazine-2,4,6-triyl)tris(N,N-bis(4-((6-(9'H-[9,3':6',9''-tercarbazol]-9'-yl)hexyl)oxy)phenyl)-[1,1'-biphenyl]-4-amine)",C1(C2=CC=C(C3=CC=C(N(C4=CC=C(OCCCCCCN5C(C=CC(N6C(C=CC=C7)=C7C8=C6C=CC=C8)=C9)=C9C%10=C5C=CC(N%11C(C=CC=C%12)=C%12C%13=C%11C=CC=C%13)=C%10)C=C4)C%14=CC=C(OCCCCCCN%15C(C=CC(N%16C(C=CC=C%17)=C%17C%18=C%16C=CC=C%18)=C%19)=C%19C%20=C%15C=CC(N%21C(C=CC=C%22)=C%22C%23=C%21C=CC=C%23)=C%20)C=C%14)C=C3)C=C2)=NC(C%24=CC=C(C%25=CC=C(N(C%26=CC=C(OCCCCCCN%27C(C=CC(N%28C(C=CC=C%29)=C%29C%30=C%28C=CC=C%30)=C%31)=C%31C%32=C%27C=CC(N%33C(C=CC=C%34)=C%34C%35=C%33C=CC=C%35)=C%32)C=C%26)C%36=CC=C(OCCCCCCN%37C(C=CC(N%38C(C=CC=C%39)=C%39C%40=C%38C=CC=C%40)=C%41)=C%41C%42=C%37C=CC(N%43C(C=CC=C%44)=C%44C%45=C%43C=CC=C%45)=C%42)C=C%36)C=C%25)C=C%24)=NC(C%46=CC=C(C%47=CC=C(N(C%48=CC=C(OCCCCCCN%49C(C=CC(N%50C(C=CC=C%51)=C%51C%52=C%50C=CC=C%52)=C%53)=C%53C%54=C%49C=CC(N%55C(C=CC=C%56)=C%56C%57=C%55C=CC=C%57)=C%54)C=C%48)C%58=CC=C(OCCCCCCN%59C(C=CC(N%60C(C=CC=C%61)=C%61C%62=C%60C=CC=C%62)=C%63)=C%63C%64=C%59C=CC(N%65C(C=CC=C%66)=C%66C%67=C%65C=CC=C%67)=C%64)C=C%58)C=C%47)C=C%46)=N1
769,BisCz-Trz,"9,9'-((6-phenyl-1,3,5-triazine-2,4-diyl)bis(2,1-phenylene))bis(9H-carbazole)",C1(C2=C(N3C(C=CC=C4)=C4C5=C3C=CC=C5)C=CC=C2)=NC(C6=CC=CC=C6)=NC(C7=C(N8C(C=CC=C9)=C9C%10=C8C=CC=C%10)C=CC=C7)=N1
770,TrisCz-Trz,"2,4,6-tris(2-(9H-carbazol-9-yl)phenyl)-1,3,5-triazine",C1(C2=C(N3C(C=CC=C4)=C4C5=C3C=CC=C5)C=CC=C2)=NC(C6=C(N7C(C=CC=C8)=C8C9=C7C=CC=C9)C=CC=C6)=NC(C%10=C(N%11C(C=CC=C%12)=C%12C%13=C%11C=CC=C%13)C=CC=C%10)=N1
771,2CzPN,"4,5-di(9H-carbazol-9-yl)phthalonitrile",N#CC1=C(C#N)C=C(N2C(C=CC=C3)=C3C4=C2C=CC=C4)C(N5C(C=CC=C6)=C6C7=C5C=CC=C7)=C1
772,Tris-PCz,"3,3'-(9-phenyl-9H-fluorene-3,6-diyl)bis(9-phenyl-9H-carbazole)",C12=CC=CC=C1N(C3=CC=CC=C3)C4=C2C=C(C5=CC=C(C(C6=CC=CC=C6)C7=C8C=C(C9=CC(C(C=CC=C%10)=C%10N%11C%12=CC=CC=C%12)=C%11C=C9)C=C7)C8=C5)C=C4
773,PhCzDSO2,"2-(9-phenyl-9H-carbazol-3-yl)-4a,10a-dihydrothianthrene 5,5,10,10-tetraoxide",O=S1(C2=CC=CC=C2S(C3C=C(C4=CC(C(C=CC=C5)=C5N6C7=CC=CC=C7)=C6C=C4)C=CC13)(=O)=O)=O
774,CzPhDSO2,"2-(4-(9H-carbazol-9-yl)phenyl)-4a,10a-dihydrothianthrene 5,5,10,10-tetraoxide",O=S1(C2=CC=CC=C2S(C3C=C(C4=CC=C(N5C(C=CC=C6)=C6C7=C5C=CC=C7)C=C4)C=CC13)(=O)=O)=O
775,TPADSO2,"2-(4-(diphenylamino)phenyl)-4a,10a-dihydrothianthrene 5,5,10,10-tetraoxide",O=S1(C2=CC=CC=C2S(C3C1C=CC(C4=CC=C(N(C5=CC=CC=C5)C6=CC=CC=C6)C=C4)=C3)(=O)=O)=O
776,MOTPADSO2,"2-(4-(bis(4-methoxyphenyl)amino)phenyl)-4a,10a-dihydrothianthrene 5,5,10,10-tetraoxide",COC(C=C1)=CC=C1N(C2=CC=C(OC)C=C2)C(C=C3)=CC=C3C4=CC5S(C6=CC=CC=C6S(C5C=C4)(=O)=O)(=O)=O
777,26DCzPPy,"2,6-bis(3-(9H-carbazol-9-yl)phenyl)pyridine",C1(C(C=CC=C2)=C2N3C4=CC=CC(C5=NC(C6=CC=CC(N7C(C=CC=C8)=C8C9=C7C=CC=C9)=C6)=CC=C5)=C4)=C3C=CC=C1
778,TmPyPB,"3,3'-(5'-(3-(pyridin-3-yl)phenyl)-[1,1':3',1''-terphenyl]-3,3''-diyl)dipyridine",C1(C2=CC=CC(C3=CC(C4=CC(C5=CN=CC=C5)=CC=C4)=CC(C6=CC(C7=CN=CC=C7)=CC=C6)=C3)=C2)=CN=CC=C1
779,TPSi-F,dimethyl(phenyl)(4-(9-phenyl-9H-fluoren-9-yl)phenyl)silane,C[Si](C)(C1=CC=C(C2(C(C=CC=C3)=C3C4=C2C=CC=C4)C5=CC=CC=C5)C=C1)C6=CC=CC=C6
780,PYD2,"2,6-di(9H-carbazol-9-yl)pyridine",C1(C(C=CC=C2)=C2N3C4=NC(N5C(C=CC=C6)=C6C7=C5C=CC=C7)=CC=C4)=C3C=CC=C1
781,CzSi,"9-(4-(tert-butyl)phenyl)-3,6-bis(triphenylsilyl)-9H-carbazole",CC(C)(C)C1=CC=C(N2C(C=CC([Si](C3=CC=CC=C3)(C4=CC=CC=C4)C5=CC=CC=C5)=C6)=C6C7=C2C=CC([Si](C8=CC=CC=C8)(C9=CC=CC=C9)C%10=CC=CC=C%10)=C7)C=C1
782,DPEPO,"(oxybis(2,1-phenylene))bis(diphenylphosphine oxide)",O=P(C1=C(OC2=C(P(C3=CC=CC=C3)(C4=CC=CC=C4)=O)C=CC=C2)C=CC=C1)(C5=CC=CC=C5)C6=CC=CC=C6
783,MPPA,"2,6-bis(4-(bis(4-methoxyphenyl)amino)phenyl)anthracene-9,10-dione",COC1=CC=C(N(C2=CC=C(C3=CC(C(C(C=CC(C4=CC=C(N(C5=CC=C(OC)C=C5)C6=CC=C(OC)C=C6)C=C4)=C7)=C7C8=O)=O)=C8C=C3)C=C2)C9=CC=C(OC)C=C9)C=C1
784,MPPA-Cz,"2,6-bis(4-(bis(4-((6-(9H-carbazol-9-yl)hexyl)oxy)phenyl)amino)phenyl)anthracene-9,10-dione",O=C1C2=C(C=CC(C3=CC=C(N(C4=CC=C(OCCCCCCN5C(C=CC=C6)=C6C7=C5C=CC=C7)C=C4)C8=CC=C(OCCCCCCN9C(C=CC=C%10)=C%10C%11=C9C=CC=C%11)C=C8)C=C3)=C2)C(C%12=C1C=CC(C(C=C%13)=CC=C%13N(C%14=CC=C(OCCCCCCN%15C(C=CC=C%16)=C%16C%17=C%15C=CC=C%17)C=C%14)C%18=CC=C(OCCCCCCN%19C(C=CC=C%20)=C%20C%21=C%19C=CC=C%21)C=C%18)=C%12)=O
785,MPPA-3Cz,"2,6-bis(4-(bis(4-((6-(9'H-[9,3':6',9''-tercarbazol]-9'-yl)hexyl)oxy)phenyl)amino)phenyl)anthracene-9,10-dione",O=C1C2=C(C=CC(C3=CC=C(N(C4=CC=C(OCCCCCCN5C(C=CC(N6C(C=CC=C7)=C7C8=C6C=CC=C8)=C9)=C9C%10=C5C=CC(N%11C(C=CC=C%12)=C%12C%13=C%11C=CC=C%13)=C%10)C=C4)C%14=CC=C(OCCCCCCN%15C(C=CC(N%16C(C=CC=C%17)=C%17C%18=C%16C=CC=C%18)=C%19)=C%19C%20=C%15C=CC(N%21C(C=CC=C%22)=C%22C%23=C%21C=CC=C%23)=C%20)C=C%14)C=C3)=C2)C(C%24=C1C=CC(C(C=C%25)=CC=C%25N(C%26=CC=C(OCCCCCCN%27C(C=CC(N%28C(C=CC=C%29)=C%29C%30=C%28C=CC=C%30)=C%31)=C%31C%32=C%27C=CC(N%33C(C=CC=C%34)=C%34C%35=C%33C=CC=C%35)=C%32)C=C%26)C%36=CC=C(OCCCCCCN%37C(C=CC(N%38C(C=CC=C%39)=C%39C%40=C%38C=CC=C%40)=C%41)=C%41C%42=C%37C=CC(N%43C(C=CC=C%44)=C%44C%45=C%43C=CC=C%45)=C%42)C=C%36)=C%24)=O
786,4-DPM,2-(bis(4-(diphenylamino)phenyl)methylene)malononitrile,N#C/C(C#N)=C(C1=CC=C(N(C2=CC=CC=C2)C3=CC=CC=C3)C=C1)\C(C=C4)=CC=C4N(C5=CC=CC=C5)C6=CC=CC=C6
787,3-DPM,2-(bis(3-(diphenylamino)phenyl)methylene)malononitrile,N#C/C(C#N)=C(C1=CC=CC(N(C2=CC=CC=C2)C3=CC=CC=C3)=C1)\C4=CC=CC(N(C5=CC=CC=C5)C6=CC=CC=C6)=C4
788,4CzIPN,"2,4,5,6-tetra(9H-carbazol-9-yl)isophthalonitrile",N#CC(C(N1C(C=CC=C2)=C2C3=C1C=CC=C3)=C(N4C5=C(C=CC=C5)C6=C4C=CC=C6)C(N7C(C=CC=C8)=C8C9=C7C=CC=C9)=C%10C#N)=C%10N%11C%12=CC=CC=C%12C%13=C%11C=CC=C%13
789,4CzPN,"3,4,5,6-tetra(9H-carbazol-9-yl)phthalonitrile",N#CC1=C(C#N)C(N2C(C=CC=C3)=C3C4=C2C=CC=C4)=C(N5C(C=CC=C6)=C6C7=C5C=CC=C7)C(N8C(C=CC=C9)=C9C%10=C8C=CC=C%10)=C1N%11C(C=CC=C%12)=C%12C%13=C%11C=CC=C%13
790,t-BuCz2BP,"(4-(3,5-di-tert-butyl-9H-carbazol-9-yl)phenyl)(4-(3,6-di-tert-butyl-9H-carbazol-9-yl)phenyl)methanone",O=C(C1=CC=C(N2C(C=CC=C3C(C)(C)C)=C3C4=C2C=CC(C(C)(C)C)=C4)C=C1)C5=CC=C(N6C(C=CC(C(C)(C)C)=C7)=C7C8=C6C=CC(C(C)(C)C)=C8)C=C5
791,t-BuTCz2BP,"bis(4-(3,3'',6,6''-tetra-tert-butyl-9'H-[9,3':6',9''-tercarbazol]-9'-yl)phenyl)methanone",O=C(C1=CC=C(N2C(C=CC(N3C(C=CC(C(C)(C)C)=C4)=C4C5=C3C=CC(C(C)(C)C)=C5)=C6)=C6C7=C2C=CC(N8C(C=CC(C(C)(C)C)=C9)=C9C%10=C8C=CC(C(C)(C)C)=C%10)=C7)C=C1)C%11=CC=C(N%12C(C=CC(N%13C(C=CC(C(C)(C)C)=C%14)=C%14C%15=C%13C=CC(C(C)(C)C)=C%15)=C%16)=C%16C%17=C%12C=CC(N%18C(C=CC(C(C)(C)C)=C%19)=C%19C%20=C%18C=CC(C(C)(C)C)=C%20)=C%17)C=C%11
792,BDQDMAC,"10,10'-(2,3-diphenylquinoxaline-5,8-diyl)bis(9,9-dimethyl-9,10-dihydroacridine)",CC(C1=C2C=CC=C1)(C)C3=C(C=CC=C3)N2C4=CC=C(N5C(C=CC=C6)=C6C(C)(C)C7=C5C=CC=C7)C(N=C8C9=CC=CC=C9)=C4N=C8C%10=CC=CC=C%10
793,BDQ-tBuCz,"9,9'-(2,3-diphenylquinoxaline-5,8-diyl)bis(3,6-di-tert-butyl-9H-carbazole)",CC(C)(C)C1=CC(C2=C3C=CC(C(C)(C)C)=C2)=C(C=C1)N3C4=CC=C(N5C(C=CC(C(C)(C)C)=C6)=C6C7=C5C=CC(C(C)(C)C)=C7)C(N=C8C9=CC=CC=C9)=C4N=C8C%10=CC=CC=C%10
794,BDQCz,"9,9'-(2,3-diphenylquinoxaline-5,8-diyl)bis(9H-carbazole)",C1(C2=NC(C(N3C(C=CC=C4)=C4C5=C3C=CC=C5)=CC=C6N7C(C=CC=C8)=C8C9=C7C=CC=C9)=C6N=C2C%10=CC=CC=C%10)=CC=CC=C1
795,BDQPCz,"9,9'-((2,3-diphenylquinoxaline-5,8-diyl)bis(4,1-phenylene))bis(9H-carbazole)",C1(C2=NC(C(C3=CC=C(N4C(C=CC=C5)=C5C6=C4C=CC=C6)C=C3)=CC=C7C8=CC=C(N9C(C=CC=C%10)=C%10C%11=C9C=CC=C%11)C=C8)=C7N=C2C%12=CC=CC=C%12)=CC=CC=C1
